Symbol,Date,Prev Close,Close Price,Ratio_a
HDFC,2015-01-01,1135.9,1124,0.989523726
HDFC,2015-01-02,1124,1171.9,1.042615658
HDFC,2015-01-05,1171.9,1156.4,0.986773615
HDFC,2015-01-06,1156.4,1101.95,0.952914217
HDFC,2015-01-07,1101.95,1099.25,0.997549798
HDFC,2015-01-08,1099.25,1123.35,1.021924039
HDFC,2015-01-09,1123.35,1113.3,0.991053545
HDFC,2015-01-12,1113.3,1128.55,1.013698015
HDFC,2015-01-13,1128.55,1122.2,0.994373311
HDFC,2015-01-14,1122.2,1120.3,0.998306897
HDFC,2015-01-15,1120.3,1202.55,1.073417835
HDFC,2015-01-16,1202.55,1194.55,0.99334747
HDFC,2015-01-19,1194.55,1181.7,0.989242811
HDFC,2015-01-20,1181.7,1251.55,1.059109757
HDFC,2015-01-21,1251.55,1287.2,1.028484679
HDFC,2015-01-22,1287.2,1279.65,0.994134556
HDFC,2015-01-23,1279.65,1290.1,1.008166295
HDFC,2015-01-27,1290.1,1315.85,1.019959693
HDFC,2015-01-28,1315.85,1344.6,1.021848995
HDFC,2015-01-29,1344.6,1315.55,0.978395062
HDFC,2015-01-30,1315.55,1262.5,0.959674661
HDFC,2015-02-02,1262.5,1269.3,1.005386139
HDFC,2015-02-03,1269.3,1230.15,0.969156228
HDFC,2015-02-04,1230.15,1232.45,1.001869691
HDFC,2015-02-05,1232.45,1246.45,1.011359487
HDFC,2015-02-06,1246.45,1280.55,1.027357696
HDFC,2015-02-09,1280.55,1271.95,0.993284136
HDFC,2015-02-10,1271.95,1246.15,0.979716184
HDFC,2015-02-11,1246.15,1245.8,0.999719135
HDFC,2015-02-12,1245.8,1253.25,1.005980093
HDFC,2015-02-13,1253.25,1268.65,1.012288051
HDFC,2015-02-16,1268.65,1288,1.015252434
HDFC,2015-02-18,1288,1328.6,1.031521739
HDFC,2015-02-19,1328.6,1353.45,1.018703899
HDFC,2015-02-20,1353.45,1333.15,0.985001293
HDFC,2015-02-23,1333.15,1311.25,0.983572741
HDFC,2015-02-24,1311.25,1310.4,0.999351764
HDFC,2015-02-25,1310.4,1340.55,1.023008242
HDFC,2015-02-26,1340.55,1345.7,1.003841707
HDFC,2015-02-27,1345.7,1347.4,1.001263283
HDFC,2015-02-28,1347.4,1335.15,0.990908416
HDFC,2015-03-02,1335.15,1339.95,1.003595102
HDFC,2015-03-03,1339.95,1368.05,1.020970932
HDFC,2015-03-04,1368.05,1367.7,0.999744161
HDFC,2015-03-05,1367.7,1394.8,1.019814287
HDFC,2015-03-09,1394.8,1368.35,0.981036708
HDFC,2015-03-10,1368.35,1312.4,0.959111338
HDFC,2015-03-11,1312.4,1322.75,1.007886315
HDFC,2015-03-12,1322.75,1332.85,1.007635608
HDFC,2015-03-13,1332.85,1328.05,0.996398695
HDFC,2015-03-16,1328.05,1305.7,0.983170814
HDFC,2015-03-17,1305.7,1339.45,1.025848204
HDFC,2015-03-18,1339.45,1322.05,0.987009593
HDFC,2015-03-19,1322.05,1327.7,1.004273666
HDFC,2015-03-20,1327.7,1338.45,1.008096709
HDFC,2015-03-23,1338.45,1345.7,1.005416713
HDFC,2015-03-24,1345.7,1358.85,1.009771866
HDFC,2015-03-25,1358.85,1354.55,0.996835559
HDFC,2015-03-26,1354.55,1283.7,0.947694806
HDFC,2015-03-27,1283.7,1262.7,0.983641038
HDFC,2015-03-30,1262.7,1306.2,1.034449988
HDFC,2015-03-31,1306.2,1315.7,1.007273006
HDFC,2015-04-01,1315.7,1337.05,1.016227103
HDFC,2015-04-06,1337.05,1330.6,0.995175947
HDFC,2015-04-07,1330.6,1328.7,0.998572073
HDFC,2015-04-08,1328.7,1299.7,0.978174155
HDFC,2015-04-09,1299.7,1303.05,1.002577518
HDFC,2015-04-10,1303.05,1290.35,0.990253636
HDFC,2015-04-13,1290.35,1305.25,1.011547255
HDFC,2015-04-15,1305.25,1290.45,0.988661176
HDFC,2015-04-16,1290.45,1306.8,1.012669999
HDFC,2015-04-17,1306.8,1306.7,0.999923477
HDFC,2015-04-20,1306.7,1268.65,0.970880845
HDFC,2015-04-21,1268.65,1258.15,0.991723486
HDFC,2015-04-22,1258.15,1277.2,1.015141279
HDFC,2015-04-23,1277.2,1276.05,0.999099593
HDFC,2015-04-24,1276.05,1245.15,0.975784648
HDFC,2015-04-27,1245.15,1211.75,0.973175923
HDFC,2015-04-28,1211.75,1228.25,1.01361667
HDFC,2015-04-29,1228.25,1201.15,0.977936088
HDFC,2015-04-30,1201.15,1170,0.97406652
HDFC,2015-05-04,1170,1202.2,1.027521368
HDFC,2015-05-05,1202.2,1180.35,0.981824988
HDFC,2015-05-06,1180.35,1163.6,0.985809294
HDFC,2015-05-07,1163.6,1154.25,0.991964593
HDFC,2015-05-08,1154.25,1185.35,1.026943903
HDFC,2015-05-11,1185.35,1226.1,1.034378032
HDFC,2015-05-12,1226.1,1191.35,0.971658103
HDFC,2015-05-13,1191.35,1219.4,1.023544718
HDFC,2015-05-14,1219.4,1209.7,0.992045268
HDFC,2015-05-15,1209.7,1234.3,1.02033562
HDFC,2015-05-18,1234.3,1264.3,1.024305274
HDFC,2015-05-19,1264.3,1240.55,0.981214902
HDFC,2015-05-20,1240.55,1270.05,1.023779775
HDFC,2015-05-21,1270.05,1255.95,0.988898075
HDFC,2015-05-22,1255.95,1288.05,1.025558342
HDFC,2015-05-25,1288.05,1252.65,0.972516595
HDFC,2015-05-26,1252.65,1240.45,0.990260647
HDFC,2015-05-27,1240.45,1239.9,0.999556613
HDFC,2015-05-28,1239.9,1229.25,0.991410598
HDFC,2015-05-29,1229.25,1236.05,1.005531828
HDFC,2015-06-01,1236.05,1247.75,1.009465637
HDFC,2015-06-02,1247.75,1203.1,0.964215588
HDFC,2015-06-03,1203.1,1202.85,0.999792203
HDFC,2015-06-04,1202.85,1216,1.010932369
HDFC,2015-06-05,1216,1201.35,0.987952303
HDFC,2015-06-08,1201.35,1176.75,0.979523037
HDFC,2015-06-09,1176.75,1188.8,1.010240068
HDFC,2015-06-10,1188.8,1190.55,1.001472073
HDFC,2015-06-11,1190.55,1164.3,0.977951367
HDFC,2015-06-12,1164.3,1190.4,1.022416903
HDFC,2015-06-15,1190.4,1214.55,1.020287298
HDFC,2015-06-16,1214.55,1199.05,0.987238072
HDFC,2015-06-17,1199.05,1200.9,1.001542888
HDFC,2015-06-18,1200.9,1213.3,1.010325589
HDFC,2015-06-19,1213.3,1236.85,1.019409874
HDFC,2015-06-22,1236.85,1271.55,1.02805514
HDFC,2015-06-23,1271.55,1285.2,1.01073493
HDFC,2015-06-24,1285.2,1283.9,0.998988484
HDFC,2015-06-25,1283.9,1308.85,1.019432978
HDFC,2015-06-26,1308.85,1287.85,0.983955381
HDFC,2015-06-29,1287.85,1285.5,0.998175253
HDFC,2015-06-30,1285.5,1296.45,1.008518086
HDFC,2015-07-01,1296.45,1292.7,0.997107486
HDFC,2015-07-02,1292.7,1285.2,0.99419819
HDFC,2015-07-03,1285.2,1316.05,1.024004046
HDFC,2015-07-06,1316.05,1317.6,1.001177767
HDFC,2015-07-07,1317.6,1337.3,1.014951427
HDFC,2015-07-08,1337.3,1290.05,0.964667614
HDFC,2015-07-09,1290.05,1285.3,0.996317972
HDFC,2015-07-10,1285.3,1283.35,0.998482844
HDFC,2015-07-13,1283.35,1323.75,1.031480111
HDFC,2015-07-14,1323.75,1318.4,0.995958451
HDFC,2015-07-15,1318.4,1340.15,1.016497269
HDFC,2015-07-16,1340.15,1359.7,1.014587919
HDFC,2015-07-17,1359.7,1326.65,0.975693168
HDFC,2015-07-20,1326.65,1315.35,0.991482305
HDFC,2015-07-21,1315.35,1311.6,0.997149048
HDFC,2015-07-22,1311.6,1345.75,1.026036901
HDFC,2015-07-23,1345.75,1350.55,1.003566784
HDFC,2015-07-24,1350.55,1358.75,1.0060716
HDFC,2015-07-27,1358.75,1336,0.98325667
HDFC,2015-07-28,1336,1304.4,0.976347305
HDFC,2015-07-29,1304.4,1312.05,1.005864765
HDFC,2015-07-30,1312.05,1335.8,1.018101444
HDFC,2015-07-31,1335.8,1340.4,1.003443629
HDFC,2015-08-03,1340.4,1324.35,0.988025962
HDFC,2015-08-04,1324.35,1302.45,0.983463586
HDFC,2015-08-05,1302.45,1302.45,1
HDFC,2015-08-06,1302.45,1303.85,1.001074897
HDFC,2015-08-07,1303.85,1298.45,0.995858419
HDFC,2015-08-10,1298.45,1305.5,1.005429551
HDFC,2015-08-11,1305.5,1290.65,0.988625048
HDFC,2015-08-12,1290.65,1261.95,0.977763143
HDFC,2015-08-13,1261.95,1256.95,0.996037878
HDFC,2015-08-14,1256.95,1299.95,1.034209794
HDFC,2015-08-17,1299.95,1279.6,0.984345552
HDFC,2015-08-18,1279.6,1266.1,0.989449828
HDFC,2015-08-19,1266.1,1256.3,0.992259695
HDFC,2015-08-20,1256.3,1249.9,0.994905675
HDFC,2015-08-21,1249.9,1228.35,0.982758621
HDFC,2015-08-24,1228.35,1167.75,0.950665527
HDFC,2015-08-25,1167.75,1145.55,0.980989082
HDFC,2015-08-26,1145.55,1102.35,0.962288857
HDFC,2015-08-27,1102.35,1193.9,1.083049848
HDFC,2015-08-28,1193.9,1201.9,1.006700729
HDFC,2015-08-31,1201.9,1186.15,0.986895748
HDFC,2015-09-01,1186.15,1157.4,0.975761919
HDFC,2015-09-02,1157.4,1123.15,0.970407811
HDFC,2015-09-03,1123.15,1172.05,1.043538263
HDFC,2015-09-04,1172.05,1141.6,0.97401988
HDFC,2015-09-07,1141.6,1155.05,1.01178171
HDFC,2015-09-08,1155.05,1171.05,1.013852214
HDFC,2015-09-09,1171.05,1186.65,1.013321378
HDFC,2015-09-10,1186.65,1162.75,0.979859268
HDFC,2015-09-11,1162.75,1176.35,1.011696409
HDFC,2015-09-14,1176.35,1184.7,1.007098228
HDFC,2015-09-15,1184.7,1179.85,0.995906137
HDFC,2015-09-16,1179.85,1196.35,1.013984829
HDFC,2015-09-18,1196.35,1207.05,1.008943871
HDFC,2015-09-21,1207.05,1207.3,1.000207117
HDFC,2015-09-22,1207.3,1168.6,0.967945001
HDFC,2015-09-23,1168.6,1165.95,0.997732329
HDFC,2015-09-24,1165.95,1181.85,1.013636948
HDFC,2015-09-28,1181.85,1172.15,0.991792529
HDFC,2015-09-29,1172.15,1216.8,1.038092394
HDFC,2015-09-30,1216.8,1212.75,0.996671598
HDFC,2015-10-01,1212.75,1196.6,0.986683158
HDFC,2015-10-05,1196.6,1256.95,1.050434565
HDFC,2015-10-06,1256.95,1265.2,1.006563507
HDFC,2015-10-07,1265.2,1277.45,1.009682264
HDFC,2015-10-08,1277.45,1278.1,1.000508826
HDFC,2015-10-09,1278.1,1291.7,1.010640795
HDFC,2015-10-12,1291.7,1270.25,0.983393977
HDFC,2015-10-13,1270.25,1278.7,1.006652234
HDFC,2015-10-14,1278.7,1294.15,1.012082584
HDFC,2015-10-15,1294.15,1294.7,1.000424989
HDFC,2015-10-16,1294.7,1311.6,1.013053217
HDFC,2015-10-19,1311.6,1315.35,1.002859103
HDFC,2015-10-20,1315.35,1312.5,0.997833276
HDFC,2015-10-21,1312.5,1315.75,1.00247619
HDFC,2015-10-23,1315.75,1337.9,1.016834505
HDFC,2015-10-26,1337.9,1312.7,0.981164512
HDFC,2015-10-27,1312.7,1275.1,0.971356746
HDFC,2015-10-28,1275.1,1266.6,0.993333856
HDFC,2015-10-29,1266.6,1264.65,0.998460445
HDFC,2015-10-30,1264.65,1256.85,0.993832286
HDFC,2015-11-02,1256.85,1221.05,0.971516092
HDFC,2015-11-03,1221.05,1221.4,1.000286639
HDFC,2015-11-04,1221.4,1220.15,0.998976584
HDFC,2015-11-05,1220.15,1205.85,0.988280129
HDFC,2015-11-06,1205.85,1205.4,0.999626819
HDFC,2015-11-09,1205.4,1190.75,0.987846358
HDFC,2015-11-10,1190.75,1171.35,0.983707747
HDFC,2015-11-11,1171.35,1177.4,1.005164981
HDFC,2015-11-13,1177.4,1178.75,1.001146594
HDFC,2015-11-16,1178.75,1178.4,0.999703075
HDFC,2015-11-17,1178.4,1200.75,1.018966395
HDFC,2015-11-18,1200.75,1178.7,0.981636477
HDFC,2015-11-19,1178.7,1214.2,1.030117927
HDFC,2015-11-20,1214.2,1205.75,0.993040685
HDFC,2015-11-23,1205.75,1191.15,0.987891354
HDFC,2015-11-24,1191.15,1218.95,1.02333879
HDFC,2015-11-26,1218.95,1222.65,1.003035399
HDFC,2015-11-27,1222.65,1230.6,1.00650227
HDFC,2015-11-30,1230.6,1211.2,0.984235332
HDFC,2015-12-01,1211.2,1224.7,1.011145971
HDFC,2015-12-02,1224.7,1211.75,0.989425982
HDFC,2015-12-03,1211.75,1200.2,0.990468331
HDFC,2015-12-04,1200.2,1171.6,0.976170638
HDFC,2015-12-07,1171.6,1184.6,1.011095937
HDFC,2015-12-08,1184.6,1171.55,0.988983623
HDFC,2015-12-09,1171.55,1153.25,0.984379668
HDFC,2015-12-10,1153.25,1182.3,1.025189681
HDFC,2015-12-11,1182.3,1174.75,0.993614142
HDFC,2015-12-14,1174.75,1188.05,1.011321558
HDFC,2015-12-15,1188.05,1206.55,1.015571735
HDFC,2015-12-16,1206.55,1219.3,1.01056732
HDFC,2015-12-17,1219.3,1240.95,1.01775609
HDFC,2015-12-18,1240.95,1224.85,0.987026069
HDFC,2015-12-21,1224.85,1232.35,1.006123199
HDFC,2015-12-22,1232.35,1228.25,0.996673023
HDFC,2015-12-23,1228.25,1239.2,1.008915123
HDFC,2015-12-24,1239.2,1229.55,0.992212718
HDFC,2015-12-28,1229.55,1227.65,0.998454719
HDFC,2015-12-29,1227.65,1234.3,1.005416853
HDFC,2015-12-30,1234.3,1233.7,0.999513895
HDFC,2015-12-31,1233.7,1263.75,1.024357623
HDFC,2016-01-01,1263.75,1258.45,0.995806133
HDFC,2016-01-04,1258.45,1216.7,0.966824268
HDFC,2016-01-05,1216.7,1209.4,0.994000164
HDFC,2016-01-06,1209.4,1209.3,0.999917314
HDFC,2016-01-07,1209.3,1179.45,0.975316299
HDFC,2016-01-08,1179.45,1174.4,0.995718343
HDFC,2016-01-11,1174.4,1161.55,0.989058243
HDFC,2016-01-12,1161.55,1151.85,0.99164909
HDFC,2016-01-13,1151.85,1167.65,1.013717064
HDFC,2016-01-14,1167.65,1159.3,0.992848885
HDFC,2016-01-15,1159.3,1149.8,0.9918054
HDFC,2016-01-18,1149.8,1131.8,0.984345103
HDFC,2016-01-19,1131.8,1153,1.018731225
HDFC,2016-01-20,1153,1136.65,0.985819601
HDFC,2016-01-21,1136.65,1131.1,0.99511723
HDFC,2016-01-22,1131.1,1158.45,1.024180002
HDFC,2016-01-25,1158.45,1174.6,1.013941042
HDFC,2016-01-27,1174.6,1169.95,0.996041206
HDFC,2016-01-28,1169.95,1147.75,0.98102483
HDFC,2016-01-29,1147.75,1180,1.028098453
HDFC,2016-02-01,1180,1180.05,1.000042373
HDFC,2016-02-02,1180.05,1179.8,0.999788145
HDFC,2016-02-03,1179.8,1160.95,0.984022716
HDFC,2016-02-04,1160.95,1168.35,1.00637409
HDFC,2016-02-05,1168.35,1182.95,1.012496255
HDFC,2016-02-08,1182.95,1164.1,0.984065261
HDFC,2016-02-09,1164.1,1159.9,0.996392063
HDFC,2016-02-10,1159.9,1116.55,0.962626088
HDFC,2016-02-11,1116.55,1066.65,0.955308764
HDFC,2016-02-12,1066.65,1083.75,1.0160315
HDFC,2016-02-15,1083.75,1080.45,0.996955017
HDFC,2016-02-16,1080.45,1077.15,0.996945717
HDFC,2016-02-17,1077.15,1076.3,0.999210881
HDFC,2016-02-18,1076.3,1069.1,0.993310415
HDFC,2016-02-19,1069.1,1060.85,0.992283229
HDFC,2016-02-22,1060.85,1058.4,0.997690531
HDFC,2016-02-23,1058.4,1051.1,0.993102797
HDFC,2016-02-24,1051.1,1022.1,0.972409856
HDFC,2016-02-25,1022.1,1042.65,1.020105665
HDFC,2016-02-26,1042.65,1053.7,1.010597995
HDFC,2016-02-29,1053.7,1060.3,1.006263642
HDFC,2016-03-01,1060.3,1069.45,1.008629633
HDFC,2016-03-02,1069.45,1099.55,1.028145308
HDFC,2016-03-03,1099.55,1124.15,1.022372789
HDFC,2016-03-04,1124.15,1129,1.004314371
HDFC,2016-03-08,1129,1146.45,1.015456156
HDFC,2016-03-09,1146.45,1128.65,0.98447381
HDFC,2016-03-10,1128.65,1153.15,1.021707349
HDFC,2016-03-11,1153.15,1160.5,1.006373846
HDFC,2016-03-14,1160.5,1158.7,0.998448944
HDFC,2016-03-15,1158.7,1111.35,0.959135238
HDFC,2016-03-16,1111.35,1125.95,1.013137176
HDFC,2016-03-17,1125.95,1108.05,0.984102314
HDFC,2016-03-18,1108.05,1129.3,1.019177835
HDFC,2016-03-21,1129.3,1151.25,1.019436819
HDFC,2016-03-22,1151.25,1168.1,1.014636265
HDFC,2016-03-23,1168.1,1162.75,0.995419913
HDFC,2016-03-28,1162.75,1143.35,0.983315416
HDFC,2016-03-29,1143.35,1125.75,0.984606638
HDFC,2016-03-30,1125.75,1115.3,0.9907173
HDFC,2016-03-31,1115.3,1105.6,0.991302788
HDFC,2016-04-01,1105.6,1113.4,1.007054993
HDFC,2016-04-04,1113.4,1103.7,0.991287947
HDFC,2016-04-05,1103.7,1103.45,0.999773489
HDFC,2016-04-06,1103.45,1102.05,0.998731252
HDFC,2016-04-07,1102.05,1070.85,0.971689125
HDFC,2016-04-08,1070.85,1079.55,1.008124387
HDFC,2016-04-11,1079.55,1079.8,1.000231578
HDFC,2016-04-12,1079.8,1090.5,1.009909242
HDFC,2016-04-13,1090.5,1114.95,1.022420908
HDFC,2016-04-18,1114.95,1132.4,1.015650926
HDFC,2016-04-20,1132.4,1140,1.006711409
HDFC,2016-04-21,1140,1150.1,1.008859649
HDFC,2016-04-22,1150.1,1131.9,0.984175289
HDFC,2016-04-25,1131.9,1112,0.982418942
HDFC,2016-04-26,1112,1127.3,1.013758993
HDFC,2016-04-27,1127.3,1121.5,0.994854963
HDFC,2016-04-28,1121.5,1085.55,0.967944717
HDFC,2016-04-29,1085.55,1088.45,1.002671457
HDFC,2016-05-02,1088.45,1091.9,1.003169645
HDFC,2016-05-03,1091.9,1099.6,1.007051928
HDFC,2016-05-04,1099.6,1129.9,1.027555475
HDFC,2016-05-05,1129.9,1162.65,1.028984866
HDFC,2016-05-06,1162.65,1167.8,1.004429536
HDFC,2016-05-09,1167.8,1203.6,1.030655934
HDFC,2016-05-10,1203.6,1218.55,1.01242107
HDFC,2016-05-11,1218.55,1203.8,0.98789545
HDFC,2016-05-12,1203.8,1195.85,0.993395913
HDFC,2016-05-13,1195.85,1166,0.975038675
HDFC,2016-05-16,1166,1186.45,1.017538593
HDFC,2016-05-17,1186.45,1217.85,1.026465506
HDFC,2016-05-18,1217.85,1208.2,0.9920762
HDFC,2016-05-19,1208.2,1175.85,0.973224632
HDFC,2016-05-20,1175.85,1179.55,1.00314666
HDFC,2016-05-23,1179.55,1160.25,0.983637828
HDFC,2016-05-24,1160.25,1172.75,1.01077354
HDFC,2016-05-25,1172.75,1207.05,1.029247495
HDFC,2016-05-26,1207.05,1228.25,1.017563481
HDFC,2016-05-27,1228.25,1255.55,1.022226745
HDFC,2016-05-30,1255.55,1233.95,0.982796384
HDFC,2016-05-31,1233.95,1237.7,1.003039021
HDFC,2016-06-01,1237.7,1243.25,1.004484124
HDFC,2016-06-02,1243.25,1260.55,1.013915142
HDFC,2016-06-03,1260.55,1254.9,0.99551783
HDFC,2016-06-06,1254.9,1251.65,0.997410152
HDFC,2016-06-07,1251.65,1251.3,0.999720369
HDFC,2016-06-08,1251.3,1262.5,1.008950691
HDFC,2016-06-09,1262.5,1237.5,0.98019802
HDFC,2016-06-10,1237.5,1230.4,0.994262626
HDFC,2016-06-13,1230.4,1205.35,0.979640767
HDFC,2016-06-14,1205.35,1198.2,0.994068113
HDFC,2016-06-15,1198.2,1205.15,1.005800367
HDFC,2016-06-16,1205.15,1200.95,0.996514957
HDFC,2016-06-17,1200.95,1227.3,1.021940963
HDFC,2016-06-20,1227.3,1227.55,1.000203699
HDFC,2016-06-21,1227.55,1238.15,1.008635086
HDFC,2016-06-22,1238.15,1238.35,1.000161531
HDFC,2016-06-23,1238.35,1245.5,1.005773812
HDFC,2016-06-24,1245.5,1222.75,0.981734243
HDFC,2016-06-27,1222.75,1214.6,0.993334696
HDFC,2016-06-28,1214.6,1228.9,1.011773423
HDFC,2016-06-29,1228.9,1248.55,1.01598991
HDFC,2016-06-30,1248.55,1253.6,1.004044692
HDFC,2016-07-01,1253.6,1242.35,0.991025846
HDFC,2016-07-04,1242.35,1256.25,1.011188473
HDFC,2016-07-05,1256.25,1260.7,1.003542289
HDFC,2016-07-07,1260.7,1290.55,1.023677322
HDFC,2016-07-08,1290.55,1286.9,0.997171748
HDFC,2016-07-11,1286.9,1314.1,1.021136063
HDFC,2016-07-12,1314.1,1333.75,1.0149532
HDFC,2016-07-13,1333.75,1330.45,0.997525773
HDFC,2016-07-14,1330.45,1336.95,1.004885565
HDFC,2016-07-15,1336.95,1364.1,1.020307416
HDFC,2016-07-18,1364.1,1346.35,0.986987757
HDFC,2016-07-19,1346.35,1338.55,0.994206558
HDFC,2016-07-20,1338.55,1334.45,0.996936984
HDFC,2016-07-21,1334.45,1332.9,0.998838473
HDFC,2016-07-22,1332.9,1357,1.018080876
HDFC,2016-07-25,1357,1382,1.018422992
HDFC,2016-07-26,1382,1367.45,0.98947178
HDFC,2016-07-27,1367.45,1387.7,1.014808585
HDFC,2016-07-28,1387.7,1402.15,1.010412913
HDFC,2016-07-29,1402.15,1374.5,0.980280284
HDFC,2016-08-01,1374.5,1374.3,0.999854493
HDFC,2016-08-02,1374.3,1342.15,0.976606272
HDFC,2016-08-03,1342.15,1325.45,0.987557278
HDFC,2016-08-04,1325.45,1320.15,0.996001358
HDFC,2016-08-05,1320.15,1342.1,1.016626898
HDFC,2016-08-08,1342.1,1367.45,1.018888309
HDFC,2016-08-09,1367.45,1343,0.982120004
HDFC,2016-08-10,1343,1337.15,0.99564408
HDFC,2016-08-11,1337.15,1348.45,1.00845081
HDFC,2016-08-12,1348.45,1382.15,1.024991657
HDFC,2016-08-16,1382.15,1358.55,0.982925153
HDFC,2016-08-17,1358.55,1366.9,1.006146259
HDFC,2016-08-18,1366.9,1374.3,1.00541371
HDFC,2016-08-19,1374.3,1369.4,0.996434548
HDFC,2016-08-22,1369.4,1377.55,1.005951512
HDFC,2016-08-23,1377.55,1375.15,0.998257776
HDFC,2016-08-24,1375.15,1382.85,1.005599389
HDFC,2016-08-25,1382.85,1357.5,0.981668294
HDFC,2016-08-26,1357.5,1366.35,1.006519337
HDFC,2016-08-29,1366.35,1375.5,1.006696674
HDFC,2016-08-30,1375.5,1392.1,1.012068339
HDFC,2016-08-31,1392.1,1405.45,1.009589828
HDFC,2016-09-01,1405.45,1424.75,1.013732257
HDFC,2016-09-02,1424.75,1439.15,1.010107036
HDFC,2016-09-06,1439.15,1458.05,1.013132752
HDFC,2016-09-07,1458.05,1427.15,0.978807311
HDFC,2016-09-08,1427.15,1437.8,1.007462425
HDFC,2016-09-09,1437.8,1410.65,0.981116984
HDFC,2016-09-12,1410.65,1399.05,0.99177684
HDFC,2016-09-14,1399.05,1392.2,0.99510382
HDFC,2016-09-15,1392.2,1410.05,1.012821434
HDFC,2016-09-16,1410.05,1397.35,0.990993227
HDFC,2016-09-19,1397.35,1392.8,0.996743837
HDFC,2016-09-20,1392.8,1393.1,1.000215393
HDFC,2016-09-21,1393.1,1392.35,0.999461632
HDFC,2016-09-22,1392.35,1413.25,1.015010594
HDFC,2016-09-23,1413.25,1425.1,1.008384928
HDFC,2016-09-26,1425.1,1412.45,0.99112343
HDFC,2016-09-27,1412.45,1418.9,1.004566533
HDFC,2016-09-28,1418.9,1423.55,1.003277187
HDFC,2016-09-29,1423.55,1401.4,0.984440308
HDFC,2016-09-30,1401.4,1393.45,0.994327101
HDFC,2016-10-03,1393.45,1425.5,1.023000466
HDFC,2016-10-04,1425.5,1432.4,1.004840407
HDFC,2016-10-05,1432.4,1423.15,0.993542307
HDFC,2016-10-06,1423.15,1426,1.0020026
HDFC,2016-10-07,1426,1403.7,0.984361851
HDFC,2016-10-10,1403.7,1391.45,0.991273064
HDFC,2016-10-13,1391.45,1338.9,0.962233641
HDFC,2016-10-14,1338.9,1316.05,0.982933752
HDFC,2016-10-17,1316.05,1301.95,0.989286121
HDFC,2016-10-18,1301.95,1355.25,1.040938592
HDFC,2016-10-19,1355.25,1342.15,0.990333887
HDFC,2016-10-20,1342.15,1359.95,1.013262303
HDFC,2016-10-21,1359.95,1336.55,0.982793485
HDFC,2016-10-24,1336.55,1344,1.005574053
HDFC,2016-10-25,1344,1340.1,0.997098214
HDFC,2016-10-26,1340.1,1334.65,0.995933139
HDFC,2016-10-27,1334.65,1378.55,1.032892519
HDFC,2016-10-28,1378.55,1391.7,1.009539008
HDFC,2016-10-30,1391.7,1377.5,0.989796652
HDFC,2016-11-01,1377.5,1417.2,1.028820327
HDFC,2016-11-02,1417.2,1404.35,0.990932825
HDFC,2016-11-03,1404.35,1401.6,0.998041799
HDFC,2016-11-04,1401.6,1386.15,0.988976884
HDFC,2016-11-07,1386.15,1381.4,0.996573242
HDFC,2016-11-08,1381.4,1391.35,1.007202838
HDFC,2016-11-09,1391.35,1350.8,0.970855644
HDFC,2016-11-10,1350.8,1324.55,0.980567071
HDFC,2016-11-11,1324.55,1268.35,0.957570496
HDFC,2016-11-15,1268.35,1225.75,0.966413056
HDFC,2016-11-16,1225.75,1255.4,1.024189272
HDFC,2016-11-17,1255.4,1250.2,0.995857894
HDFC,2016-11-18,1250.2,1249.8,0.999680051
HDFC,2016-11-21,1249.8,1221.95,0.977716435
HDFC,2016-11-22,1221.95,1249.7,1.022709604
HDFC,2016-11-23,1249.7,1226.9,0.981755621
HDFC,2016-11-24,1226.9,1217.65,0.992460673
HDFC,2016-11-25,1217.65,1244.05,1.021681107
HDFC,2016-11-28,1244.05,1246.7,1.002130139
HDFC,2016-11-29,1246.7,1255.8,1.00729927
HDFC,2016-11-30,1255.8,1263.1,1.005813028
HDFC,2016-12-01,1263.1,1270,1.00546275
HDFC,2016-12-02,1270,1236.8,0.973858268
HDFC,2016-12-05,1236.8,1215.55,0.982818564
HDFC,2016-12-06,1215.55,1243.4,1.022911439
HDFC,2016-12-07,1243.4,1264.95,1.01733151
HDFC,2016-12-08,1264.95,1289.85,1.019684573
HDFC,2016-12-09,1289.85,1268.25,0.983253867
HDFC,2016-12-12,1268.25,1264.5,0.99704317
HDFC,2016-12-13,1264.5,1278.55,1.011111111
HDFC,2016-12-14,1278.55,1266.55,0.990614368
HDFC,2016-12-15,1266.55,1259.2,0.994196834
HDFC,2016-12-16,1259.2,1269.15,1.007901842
HDFC,2016-12-19,1269.15,1247.9,0.98325651
HDFC,2016-12-20,1247.9,1235.55,0.990103374
HDFC,2016-12-21,1235.55,1235.6,1.000040468
HDFC,2016-12-22,1235.6,1217.4,0.985270314
HDFC,2016-12-23,1217.4,1224.85,1.006119599
HDFC,2016-12-26,1224.85,1219.5,0.995632118
HDFC,2016-12-27,1219.5,1232.15,1.010373104
HDFC,2016-12-28,1232.15,1237.95,1.004707219
HDFC,2016-12-29,1237.95,1257.2,1.015549901
HDFC,2016-12-30,1257.2,1262.6,1.004295259
HDFC,2017-01-02,1262.6,1217.1,0.96396325
HDFC,2017-01-03,1217.1,1214,0.997452962
HDFC,2017-01-04,1214,1212.1,0.998434926
HDFC,2017-01-05,1212.1,1217.2,1.004207574
HDFC,2017-01-06,1217.2,1222.35,1.004231022
HDFC,2017-01-09,1222.35,1223.55,1.000981716
HDFC,2017-01-10,1223.55,1217.25,0.994851048
HDFC,2017-01-11,1217.25,1230.05,1.010515506
HDFC,2017-01-12,1230.05,1221.1,0.992723873
HDFC,2017-01-13,1221.1,1247.5,1.021619851
HDFC,2017-01-16,1247.5,1256.9,1.00753507
HDFC,2017-01-17,1256.9,1245.8,0.991168749
HDFC,2017-01-18,1245.8,1249.05,1.002608765
HDFC,2017-01-19,1249.05,1242.4,0.994675954
HDFC,2017-01-20,1242.4,1237.3,0.995895042
HDFC,2017-01-23,1237.3,1259.75,1.018144347
HDFC,2017-01-24,1259.75,1280.75,1.016669974
HDFC,2017-01-25,1280.75,1337.4,1.044231895
HDFC,2017-01-27,1337.4,1373.7,1.027142216
HDFC,2017-01-30,1373.7,1371.9,0.99868967
HDFC,2017-01-31,1371.9,1365.85,0.995590058
HDFC,2017-02-01,1365.85,1412.1,1.033861698
HDFC,2017-02-02,1412.1,1401.3,0.992351816
HDFC,2017-02-03,1401.3,1397.45,0.997252551
HDFC,2017-02-06,1397.45,1400.3,1.002039429
HDFC,2017-02-07,1400.3,1407.25,1.004963222
HDFC,2017-02-08,1407.25,1401.1,0.995629774
HDFC,2017-02-09,1401.1,1396.9,0.997002355
HDFC,2017-02-10,1396.9,1388.55,0.994022478
HDFC,2017-02-13,1388.55,1392.05,1.002520615
HDFC,2017-02-14,1392.05,1398.15,1.004382027
HDFC,2017-02-15,1398.15,1399.15,1.000715231
HDFC,2017-02-16,1399.15,1393.55,0.99599757
HDFC,2017-02-17,1393.55,1402.5,1.006422446
HDFC,2017-02-20,1402.5,1393.3,0.993440285
HDFC,2017-02-21,1393.3,1412.45,1.013744348
HDFC,2017-02-22,1412.45,1394.1,0.98700839
HDFC,2017-02-23,1394.1,1385.7,0.993974607
HDFC,2017-02-27,1385.7,1375.7,0.992783431
HDFC,2017-02-28,1375.7,1370.05,0.995893
HDFC,2017-03-01,1370.05,1400.55,1.022261961
HDFC,2017-03-02,1400.55,1399,0.998893292
HDFC,2017-03-03,1399,1371.2,0.980128663
HDFC,2017-03-06,1371.2,1365.95,0.996171237
HDFC,2017-03-07,1365.95,1365.4,0.99959735
HDFC,2017-03-08,1365.4,1367.7,1.001684488
HDFC,2017-03-09,1367.7,1371.5,1.002778387
HDFC,2017-03-10,1371.5,1373.8,1.001676996
HDFC,2017-03-14,1373.8,1424.15,1.036650167
HDFC,2017-03-15,1424.15,1426.1,1.001369238
HDFC,2017-03-16,1426.1,1450.25,1.016934296
HDFC,2017-03-17,1450.25,1451.2,1.000655059
HDFC,2017-03-20,1451.2,1457.75,1.004513506
HDFC,2017-03-21,1457.75,1458.4,1.000445893
HDFC,2017-03-22,1458.4,1442.3,0.988960505
HDFC,2017-03-23,1442.3,1456.65,1.009949386
HDFC,2017-03-24,1456.65,1462.6,1.004084715
HDFC,2017-03-27,1462.6,1474.7,1.008272939
HDFC,2017-03-28,1474.7,1504.1,1.019936258
HDFC,2017-03-29,1504.1,1522.05,1.011934047
HDFC,2017-03-30,1522.05,1519.95,0.998620282
HDFC,2017-03-31,1519.95,1502.1,0.988256193
HDFC,2017-04-03,1502.1,1533.65,1.021003928
HDFC,2017-04-05,1533.65,1490.15,0.971636293
HDFC,2017-04-06,1490.15,1482.6,0.994933396
HDFC,2017-04-07,1482.6,1484.75,1.001450155
HDFC,2017-04-10,1484.75,1467.5,0.988381882
HDFC,2017-04-11,1467.5,1476.85,1.00637138
HDFC,2017-04-12,1476.85,1466.65,0.993093408
HDFC,2017-04-13,1466.65,1474.9,1.005625064
HDFC,2017-04-17,1474.9,1479.55,1.003152756
HDFC,2017-04-18,1479.55,1480.05,1.000337941
HDFC,2017-04-19,1480.05,1490.2,1.006857876
HDFC,2017-04-20,1490.2,1517.1,1.018051268
HDFC,2017-04-21,1517.1,1507.45,0.99363918
HDFC,2017-04-24,1507.45,1530.7,1.015423397
HDFC,2017-04-25,1530.7,1548.4,1.011563337
HDFC,2017-04-26,1548.4,1586,1.024283131
HDFC,2017-04-27,1586,1566.5,0.987704918
HDFC,2017-04-28,1566.5,1537.15,0.981263964
HDFC,2017-05-02,1537.15,1584.75,1.030966399
HDFC,2017-05-03,1584.75,1571.3,0.991512857
HDFC,2017-05-04,1571.3,1564.35,0.995576911
HDFC,2017-05-05,1564.35,1546.85,0.988813245
HDFC,2017-05-08,1546.85,1529.5,0.988783657
HDFC,2017-05-09,1529.5,1523.5,0.996077149
HDFC,2017-05-10,1523.5,1572,1.031834591
HDFC,2017-05-11,1572,1565.3,0.995737913
HDFC,2017-05-12,1565.3,1549.8,0.990097745
HDFC,2017-05-15,1549.8,1559.5,1.006258872
HDFC,2017-05-16,1559.5,1566.55,1.00452068
HDFC,2017-05-17,1566.55,1552.5,0.991031247
HDFC,2017-05-18,1552.5,1537.05,0.990048309
HDFC,2017-05-19,1537.05,1520.6,0.989297681
HDFC,2017-05-22,1520.6,1519.85,0.999506774
HDFC,2017-05-23,1519.85,1511.5,0.994506037
HDFC,2017-05-24,1511.5,1524.85,1.008832286
HDFC,2017-05-25,1524.85,1539.75,1.009771453
HDFC,2017-05-26,1539.75,1547.9,1.005293067
HDFC,2017-05-29,1547.9,1598.85,1.032915563
HDFC,2017-05-30,1598.85,1579.5,0.987897551
HDFC,2017-05-31,1579.5,1569.85,0.993890472
HDFC,2017-06-01,1569.85,1583.75,1.008854349
HDFC,2017-06-02,1583.75,1604.65,1.013196527
HDFC,2017-06-05,1604.65,1606.15,1.000934783
HDFC,2017-06-06,1606.15,1605.75,0.999750957
HDFC,2017-06-07,1605.75,1599.35,0.996014324
HDFC,2017-06-08,1599.35,1633.55,1.021383687
HDFC,2017-06-09,1633.55,1647.2,1.008356034
HDFC,2017-06-12,1647.2,1647.5,1.000182127
HDFC,2017-06-13,1647.5,1667.65,1.012230653
HDFC,2017-06-14,1667.65,1651.1,0.990075855
HDFC,2017-06-15,1651.1,1636.85,0.99136939
HDFC,2017-06-16,1636.85,1640.85,1.002443718
HDFC,2017-06-19,1640.85,1654.2,1.008136027
HDFC,2017-06-20,1654.2,1631.5,0.986277355
HDFC,2017-06-21,1631.5,1628.25,0.998007968
HDFC,2017-06-22,1628.25,1653.8,1.015691694
HDFC,2017-06-23,1653.8,1651.35,0.998518563
HDFC,2017-06-27,1651.35,1651.05,0.99981833
HDFC,2017-06-28,1651.05,1629,0.986644862
HDFC,2017-06-29,1629,1632.2,1.001964395
HDFC,2017-06-30,1632.2,1614.95,0.989431442
HDFC,2017-07-03,1614.95,1621.65,1.004148735
HDFC,2017-07-04,1621.65,1640.65,1.011716462
HDFC,2017-07-05,1640.65,1629.1,0.992960107
HDFC,2017-07-06,1629.1,1647.9,1.011540114
HDFC,2017-07-07,1647.9,1629.15,0.988621882
HDFC,2017-07-10,1629.15,1638.85,1.005954025
HDFC,2017-07-11,1638.85,1642.75,1.002379717
HDFC,2017-07-12,1642.75,1639.95,0.998295541
HDFC,2017-07-13,1639.95,1656.9,1.010335681
HDFC,2017-07-14,1656.9,1647.7,0.994447462
HDFC,2017-07-17,1647.7,1652.35,1.002822116
HDFC,2017-07-18,1652.35,1653,1.000393379
HDFC,2017-07-19,1653,1654.85,1.001119177
HDFC,2017-07-20,1654.85,1651,0.997673505
HDFC,2017-07-21,1651,1640.95,0.99391278
HDFC,2017-07-24,1640.95,1632.25,0.994698193
HDFC,2017-07-25,1632.25,1632.05,0.99987747
HDFC,2017-07-26,1632.05,1633.45,1.000857817
HDFC,2017-07-27,1633.45,1728.2,1.058006061
HDFC,2017-07-28,1728.2,1785.35,1.033069089
HDFC,2017-07-31,1785.35,1789.25,1.002184446
HDFC,2017-08-01,1789.25,1779.1,0.994327232
HDFC,2017-08-02,1779.1,1766.4,0.992861559
HDFC,2017-08-03,1766.4,1736.75,0.983214447
HDFC,2017-08-04,1736.75,1731.35,0.996890744
HDFC,2017-08-07,1731.35,1725.4,0.996563375
HDFC,2017-08-08,1725.4,1719.9,0.996812333
HDFC,2017-08-09,1719.9,1731.65,1.006831793
HDFC,2017-08-10,1731.65,1709.8,0.987381977
HDFC,2017-08-11,1709.8,1695.35,0.991548719
HDFC,2017-08-14,1695.35,1713.95,1.010971186
HDFC,2017-08-16,1713.95,1741.75,1.016219843
HDFC,2017-08-17,1741.75,1759.25,1.010047366
HDFC,2017-08-18,1759.25,1735.05,0.986244138
HDFC,2017-08-21,1735.05,1738.15,1.001786692
HDFC,2017-08-22,1738.15,1750.4,1.007047723
HDFC,2017-08-23,1750.4,1765.25,1.008483775
HDFC,2017-08-24,1765.25,1757.35,0.995524713
HDFC,2017-08-28,1757.35,1766.45,1.005178251
HDFC,2017-08-29,1766.45,1727.8,0.978119958
HDFC,2017-08-30,1727.8,1759.05,1.018086584
HDFC,2017-08-31,1759.05,1776.9,1.010147523
HDFC,2017-09-01,1776.9,1759.55,0.990235804
HDFC,2017-09-04,1759.55,1755.4,0.997641442
HDFC,2017-09-05,1755.4,1767.3,1.006779082
HDFC,2017-09-06,1767.3,1775,1.004356929
HDFC,2017-09-07,1775,1781.7,1.003774648
HDFC,2017-09-08,1781.7,1779.15,0.998568783
HDFC,2017-09-11,1779.15,1781.7,1.001433269
HDFC,2017-09-12,1781.7,1798.1,1.009204692
HDFC,2017-09-13,1798.1,1778.1,0.988877148
HDFC,2017-09-14,1778.1,1771.8,0.996456892
HDFC,2017-09-15,1771.8,1768.95,0.998391466
HDFC,2017-09-18,1768.95,1771.75,1.00158286
HDFC,2017-09-19,1771.75,1752.6,0.989191477
HDFC,2017-09-20,1752.6,1767.15,1.008301951
HDFC,2017-09-21,1767.15,1788.6,1.012138189
HDFC,2017-09-22,1788.6,1780.95,0.995722912
HDFC,2017-09-25,1780.95,1755.05,0.9854572
HDFC,2017-09-26,1755.05,1741.25,0.992136976
HDFC,2017-09-27,1741.25,1719.35,0.987422828
HDFC,2017-09-28,1719.35,1744.35,1.014540379
HDFC,2017-09-29,1744.35,1742.15,0.998738785
HDFC,2017-10-03,1742.15,1761.6,1.011164366
HDFC,2017-10-04,1761.6,1768.1,1.003689827
HDFC,2017-10-05,1768.1,1751.7,0.990724507
HDFC,2017-10-06,1751.7,1740,0.993320774
HDFC,2017-10-09,1740,1749.7,1.005574713
HDFC,2017-10-10,1749.7,1744.75,0.997170944
HDFC,2017-10-11,1744.75,1750.75,1.003438888
HDFC,2017-10-12,1750.75,1755.55,1.002741682
HDFC,2017-10-13,1755.55,1766.45,1.00620888
HDFC,2017-10-16,1766.45,1762.9,0.99799032
HDFC,2017-10-17,1762.9,1759.75,0.998213171
HDFC,2017-10-18,1759.75,1751.55,0.995340247
HDFC,2017-10-19,1751.55,1745.75,0.996688647
HDFC,2017-10-23,1745.75,1722.4,0.98662466
HDFC,2017-10-24,1722.4,1722.3,0.999941941
HDFC,2017-10-25,1722.3,1677.65,0.974075364
HDFC,2017-10-26,1677.65,1692.35,1.008762257
HDFC,2017-10-27,1692.35,1699.05,1.003958992
HDFC,2017-10-30,1699.05,1705.8,1.003972808
HDFC,2017-10-31,1705.8,1707.4,1.000937976
HDFC,2017-11-01,1707.4,1754.3,1.027468666
HDFC,2017-11-02,1754.3,1762.25,1.004531722
HDFC,2017-11-03,1762.25,1776.3,1.007972762
HDFC,2017-11-06,1776.3,1790.2,1.007825255
HDFC,2017-11-07,1790.2,1764.65,0.985727852
HDFC,2017-11-08,1764.65,1747.45,0.990253025
HDFC,2017-11-09,1747.45,1725.85,0.987639131
HDFC,2017-11-10,1725.85,1709.5,0.990526407
HDFC,2017-11-13,1709.5,1670.3,0.977069319
HDFC,2017-11-14,1670.3,1661.4,0.994671616
HDFC,2017-11-15,1661.4,1650.9,0.993680029
HDFC,2017-11-16,1650.9,1664.4,1.008177358
HDFC,2017-11-17,1664.4,1705.5,1.024693583
HDFC,2017-11-20,1705.5,1689.2,0.990442685
HDFC,2017-11-21,1689.2,1694.5,1.00313758
HDFC,2017-11-22,1694.5,1718.15,1.013956919
HDFC,2017-11-23,1718.15,1704.6,0.992113611
HDFC,2017-11-24,1704.6,1711.05,1.003783879
HDFC,2017-11-27,1711.05,1711,0.999970778
HDFC,2017-11-28,1711,1725.5,1.008474576
HDFC,2017-11-29,1725.5,1704.15,0.987626775
HDFC,2017-11-30,1704.15,1675.7,0.98330546
HDFC,2017-12-01,1675.7,1658.8,0.989914663
HDFC,2017-12-04,1658.8,1680.4,1.013021461
HDFC,2017-12-05,1680.4,1679.5,0.999464413
HDFC,2017-12-06,1679.5,1648.4,0.981482584
HDFC,2017-12-07,1648.4,1655.55,1.004337539
HDFC,2017-12-08,1655.55,1682.95,1.016550391
HDFC,2017-12-11,1682.95,1709.95,1.016043257
HDFC,2017-12-12,1709.95,1710.8,1.000497091
HDFC,2017-12-13,1710.8,1696.7,0.991758242
HDFC,2017-12-14,1696.7,1704.5,1.004597159
HDFC,2017-12-15,1704.5,1723,1.010853623
HDFC,2017-12-18,1723,1719.95,0.998229832
HDFC,2017-12-19,1719.95,1709.15,0.993720748
HDFC,2017-12-20,1709.15,1693.7,0.990960419
HDFC,2017-12-21,1693.7,1701.9,1.004841471
HDFC,2017-12-22,1701.9,1709.35,1.00437746
HDFC,2017-12-26,1709.35,1713.2,1.002252318
HDFC,2017-12-27,1713.2,1707.9,0.996906374
HDFC,2017-12-28,1707.9,1696.15,0.993120206
HDFC,2017-12-29,1696.15,1710.4,1.00840138
HDFC,2018-01-01,1710.4,1683.75,0.984418849
HDFC,2018-01-02,1683.75,1703.25,1.011581292
HDFC,2018-01-03,1703.25,1700.8,0.998561573
HDFC,2018-01-04,1700.8,1703.2,1.001411101
HDFC,2018-01-05,1703.2,1725.2,1.012916862
HDFC,2018-01-08,1725.2,1740.95,1.009129376
HDFC,2018-01-09,1740.95,1735.05,0.996611046
HDFC,2018-01-10,1735.05,1726.45,0.995043371
HDFC,2018-01-11,1726.45,1741.35,1.008630427
HDFC,2018-01-12,1741.35,1760.95,1.011255635
HDFC,2018-01-15,1760.95,1871.2,1.062608251
HDFC,2018-01-16,1871.2,1845.95,0.986505985
HDFC,2018-01-17,1845.95,1858.35,1.006717408
HDFC,2018-01-18,1858.35,1896.8,1.020690397
HDFC,2018-01-19,1896.8,1901.25,1.002346057
HDFC,2018-01-22,1901.25,1872,0.984615385
HDFC,2018-01-23,1872,1884.65,1.006757479
HDFC,2018-01-24,1884.65,1911.2,1.014087496
HDFC,2018-01-25,1911.2,1908.3,0.998482629
HDFC,2018-01-29,1908.3,1967.6,1.031074779
HDFC,2018-01-30,1967.6,1937.5,0.984702175
HDFC,2018-01-31,1937.5,1956.3,1.009703226
HDFC,2018-02-01,1956.3,1967.55,1.005750652
HDFC,2018-02-02,1967.55,1903.85,0.967624711
HDFC,2018-02-05,1903.85,1823.35,0.957717257
HDFC,2018-02-06,1823.35,1788.6,0.980941673
HDFC,2018-02-07,1788.6,1785.35,0.998182936
HDFC,2018-02-08,1785.35,1811.8,1.014815022
HDFC,2018-02-09,1811.8,1773.05,0.97861243
HDFC,2018-02-12,1773.05,1805.45,1.018273596
HDFC,2018-02-14,1805.45,1814,1.004735661
HDFC,2018-02-15,1814,1829.5,1.008544653
HDFC,2018-02-16,1829.5,1815.5,0.992347636
HDFC,2018-02-19,1815.5,1814.05,0.999201322
HDFC,2018-02-20,1814.05,1811.75,0.998732119
HDFC,2018-02-21,1811.75,1824.8,1.007202981
HDFC,2018-02-22,1824.8,1819.25,0.996958571
HDFC,2018-02-23,1819.25,1824.2,1.002720901
HDFC,2018-02-26,1824.2,1843.25,1.010442934
HDFC,2018-02-27,1843.25,1828.65,0.992079208
HDFC,2018-02-28,1828.65,1808.7,0.989090313
HDFC,2018-03-01,1808.7,1814.15,1.003013214
HDFC,2018-03-05,1814.15,1789.6,0.986467492
HDFC,2018-03-06,1789.6,1782.8,0.996200268
HDFC,2018-03-07,1782.8,1761.75,0.988192731
HDFC,2018-03-08,1761.75,1798.75,1.021001845
HDFC,2018-03-09,1798.75,1818.6,1.011035441
HDFC,2018-03-12,1818.6,1858.05,1.021692511
HDFC,2018-03-13,1858.05,1868.5,1.005624176
HDFC,2018-03-14,1868.5,1844.7,0.98726251
HDFC,2018-03-15,1844.7,1830,0.992031225
HDFC,2018-03-16,1830,1791.4,0.978907104
HDFC,2018-03-19,1791.4,1774.5,0.990566038
HDFC,2018-03-20,1774.5,1800.05,1.014398422
HDFC,2018-03-21,1800.05,1817.85,1.009888614
HDFC,2018-03-22,1817.85,1809.55,0.995434167
HDFC,2018-03-23,1809.55,1789.6,0.98897516
HDFC,2018-03-26,1789.6,1830.15,1.022658695
HDFC,2018-03-27,1830.15,1823.15,0.996175177
HDFC,2018-03-28,1823.15,1825.6,1.001343828
HDFC,2018-04-02,1825.6,1838.05,1.006819676
HDFC,2018-04-03,1838.05,1825.7,0.993280923
HDFC,2018-04-04,1825.7,1803.3,0.987730733
HDFC,2018-04-05,1803.3,1824.45,1.011728498
HDFC,2018-04-06,1824.45,1829,1.002493902
HDFC,2018-04-09,1829,1836.7,1.004209951
HDFC,2018-04-10,1836.7,1817.5,0.989546469
HDFC,2018-04-11,1817.5,1812.4,0.997193948
HDFC,2018-04-12,1812.4,1829.05,1.009186714
HDFC,2018-04-13,1829.05,1840.6,1.006314754
HDFC,2018-04-16,1840.6,1870.45,1.016217538
HDFC,2018-04-17,1870.45,1889.7,1.010291641
HDFC,2018-04-18,1889.7,1877.7,0.993649786
HDFC,2018-04-19,1877.7,1858.65,0.989854609
HDFC,2018-04-20,1858.65,1834.15,0.98681839
HDFC,2018-04-23,1834.15,1830.85,0.998200801
HDFC,2018-04-24,1830.85,1859.55,1.015675779
HDFC,2018-04-25,1859.55,1849.5,0.994595467
HDFC,2018-04-26,1849.5,1850.45,1.000513652
HDFC,2018-04-27,1850.45,1853.75,1.00178335
HDFC,2018-04-30,1853.75,1883.25,1.015913688
HDFC,2018-05-02,1883.25,1910.6,1.014522766
HDFC,2018-05-03,1910.6,1922.7,1.006333089
HDFC,2018-05-04,1922.7,1910.35,0.993576741
HDFC,2018-05-07,1910.35,1918.7,1.004370927
HDFC,2018-05-08,1918.7,1903.35,0.991999792
HDFC,2018-05-09,1903.35,1897.65,0.99700528
HDFC,2018-05-10,1897.65,1894.3,0.998234659
HDFC,2018-05-11,1894.3,1919.8,1.013461437
HDFC,2018-05-14,1919.8,1930.6,1.005625586
HDFC,2018-05-15,1930.6,1929.55,0.999456128
HDFC,2018-05-16,1929.55,1914.55,0.992226167
HDFC,2018-05-17,1914.55,1875.1,0.979394636
HDFC,2018-05-18,1875.1,1853,0.988213962
HDFC,2018-05-21,1853,1819.2,0.981759309
HDFC,2018-05-22,1819.2,1810,0.994942832
HDFC,2018-05-23,1810,1783.65,0.985441989
HDFC,2018-05-24,1783.65,1806.1,1.01258655
HDFC,2018-05-25,1806.1,1819.75,1.007557721
HDFC,2018-05-28,1819.75,1829.55,1.005385355
HDFC,2018-05-29,1829.55,1809.75,0.989177667
HDFC,2018-05-30,1809.75,1790.8,0.98952894
HDFC,2018-05-31,1790.8,1833,1.023564887
HDFC,2018-06-01,1833,1844.25,1.00613748
HDFC,2018-06-04,1844.25,1833.15,0.993981293
HDFC,2018-06-05,1833.15,1848.4,1.008319014
HDFC,2018-06-06,1848.4,1858.45,1.005437135
HDFC,2018-06-07,1858.45,1869,1.005676774
HDFC,2018-06-08,1869,1840.45,0.984724452
HDFC,2018-06-11,1840.45,1839.45,0.999456655
HDFC,2018-06-12,1839.45,1847.7,1.004485036
HDFC,2018-06-13,1847.7,1832.3,0.991665314
HDFC,2018-06-14,1832.3,1833.75,1.000791355
HDFC,2018-06-15,1833.75,1832.25,0.999182004
HDFC,2018-06-18,1832.25,1823.55,0.99525174
HDFC,2018-06-19,1823.55,1828,1.002440295
HDFC,2018-06-20,1828,1847,1.010393873
HDFC,2018-06-21,1847,1858.9,1.00644288
HDFC,2018-06-22,1858.9,1906.75,1.02574103
HDFC,2018-06-25,1906.75,1893.8,0.993208339
HDFC,2018-06-26,1893.8,1915.85,1.011643257
HDFC,2018-06-27,1915.85,1904.85,0.994258423
HDFC,2018-06-28,1904.85,1878,0.985904402
HDFC,2018-06-29,1878,1908.1,1.016027689
HDFC,2018-07-02,1908.1,1897.1,0.994235103
HDFC,2018-07-03,1897.1,1879.7,0.990828106
HDFC,2018-07-04,1879.7,1922.5,1.022769591
HDFC,2018-07-05,1922.5,1931.05,1.004447334
HDFC,2018-07-06,1931.05,1916.85,0.992646488
HDFC,2018-07-09,1916.85,1904.9,0.993765814
HDFC,2018-07-10,1904.9,1942.55,1.019764817
HDFC,2018-07-11,1942.55,1928.1,0.992561324
HDFC,2018-07-12,1928.1,1962.7,1.017945127
HDFC,2018-07-13,1962.7,1972.5,1.004993122
HDFC,2018-07-16,1972.5,1991.2,1.009480355
HDFC,2018-07-17,1991.2,1989.3,0.999045802
HDFC,2018-07-18,1989.3,2009.45,1.010129191
HDFC,2018-07-19,2009.45,1988.4,0.989524497
HDFC,2018-07-20,1988.4,1973.85,0.992682559
HDFC,2018-07-23,1973.85,1966.85,0.996453631
HDFC,2018-07-24,1966.85,1975.55,1.004423316
HDFC,2018-07-25,1975.55,2000.85,1.01280656
HDFC,2018-07-26,2000.85,2023.4,1.01127021
HDFC,2018-07-27,2023.4,2047.25,1.011787091
HDFC,2018-07-30,2047.25,2028.75,0.990963488
HDFC,2018-07-31,2028.75,1994.85,0.983290203
HDFC,2018-08-01,1994.85,1970.15,0.987618117
HDFC,2018-08-02,1970.15,1931.95,0.980610613
HDFC,2018-08-03,1931.95,1977.5,1.023577215
HDFC,2018-08-06,1977.5,1979.3,1.00091024
HDFC,2018-08-07,1979.3,1978.6,0.99964634
HDFC,2018-08-08,1978.6,1984.6,1.003032447
HDFC,2018-08-09,1984.6,1969.95,0.99261816
HDFC,2018-08-10,1969.95,1974.3,1.002208178
HDFC,2018-08-13,1974.3,1947,0.986172314
HDFC,2018-08-14,1947,1941.5,0.997175141
HDFC,2018-08-16,1941.5,1891.2,0.974092197
HDFC,2018-08-17,1891.2,1885.65,0.997065355
HDFC,2018-08-20,1885.65,1920.05,1.018243046
HDFC,2018-08-21,1920.05,1913.35,0.996510508
HDFC,2018-08-23,1913.35,1906.3,0.996315363
HDFC,2018-08-24,1906.3,1919.05,1.006688349
HDFC,2018-08-27,1919.05,1924.85,1.003022329
HDFC,2018-08-28,1924.85,1955.15,1.015741486
HDFC,2018-08-29,1955.15,1956.25,1.000562617
HDFC,2018-08-30,1956.25,1934.15,0.988702875
HDFC,2018-08-31,1934.15,1935.95,1.000930641
HDFC,2018-09-03,1935.95,1944.8,1.004571399
HDFC,2018-09-04,1944.8,1954.8,1.005141917
HDFC,2018-09-05,1954.8,1937.4,0.991098834
HDFC,2018-09-06,1937.4,1956.15,1.009677919
HDFC,2018-09-07,1956.15,1920,0.981519822
HDFC,2018-09-10,1920,1883.55,0.981015625
HDFC,2018-09-11,1883.55,1868.05,0.991770858
HDFC,2018-09-12,1868.05,1877.8,1.005219346
HDFC,2018-09-14,1877.8,1925.45,1.025375439
HDFC,2018-09-17,1925.45,1878.85,0.975797865
HDFC,2018-09-18,1878.85,1855.7,0.987678633
HDFC,2018-09-19,1855.7,1830.65,0.986501051
HDFC,2018-09-21,1830.65,1839.4,1.004779723
HDFC,2018-09-24,1839.4,1718.7,0.934380776
HDFC,2018-09-25,1718.7,1773.35,1.031797289
HDFC,2018-09-26,1773.35,1767.45,0.996672964
HDFC,2018-09-27,1767.45,1729,0.978245495
HDFC,2018-09-28,1729,1754.5,1.014748409
HDFC,2018-10-01,1754.5,1806.35,1.029552579
HDFC,2018-10-03,1806.35,1797.55,0.995128297
HDFC,2018-10-04,1797.55,1778.45,0.989374426
HDFC,2018-10-05,1778.45,1708.65,0.960752341
HDFC,2018-10-08,1708.65,1667.7,0.976033711
HDFC,2018-10-09,1667.7,1712.75,1.027013252
HDFC,2018-10-10,1712.75,1736.95,1.014129324
HDFC,2018-10-11,1736.95,1684.55,0.969832177
HDFC,2018-10-12,1684.55,1730.3,1.027158588
HDFC,2018-10-15,1730.3,1732.9,1.00150263
HDFC,2018-10-16,1732.9,1756.25,1.013474522
HDFC,2018-10-17,1756.25,1737.8,0.989494662
HDFC,2018-10-19,1737.8,1660.25,0.955374612
HDFC,2018-10-22,1660.25,1658.3,0.998825478
HDFC,2018-10-23,1658.3,1686.75,1.017156124
HDFC,2018-10-24,1686.75,1741.45,1.032429228
HDFC,2018-10-25,1741.45,1694.45,0.973010997
HDFC,2018-10-26,1694.45,1702.1,1.004514739
HDFC,2018-10-29,1702.1,1698.4,0.997826215
HDFC,2018-10-30,1698.4,1671.9,0.98439708
HDFC,2018-10-31,1671.9,1769.25,1.058227167
HDFC,2018-11-01,1769.25,1762,0.995902218
HDFC,2018-11-02,1762,1824.4,1.035414302
HDFC,2018-11-05,1824.4,1792.9,0.98273405
HDFC,2018-11-06,1792.9,1805.9,1.007250823
HDFC,2018-11-07,1805.9,1815.85,1.005509718
HDFC,2018-11-09,1815.85,1816.1,1.000137677
HDFC,2018-11-12,1816.1,1795.9,0.988877264
HDFC,2018-11-13,1795.9,1824.7,1.016036528
HDFC,2018-11-14,1824.7,1839.15,1.00791911
HDFC,2018-11-15,1839.15,1853.6,1.00785689
HDFC,2018-11-16,1853.6,1889,1.019097972
HDFC,2018-11-19,1889,1899.35,1.005479089
HDFC,2018-11-20,1899.35,1876.8,0.988127517
HDFC,2018-11-21,1876.8,1868.15,0.995391091
HDFC,2018-11-22,1868.15,1873.7,1.002970854
HDFC,2018-11-26,1873.7,1884.65,1.005844052
HDFC,2018-11-27,1884.65,1901.7,1.009046773
HDFC,2018-11-28,1901.7,1928,1.013829731
HDFC,2018-11-29,1928,1956.3,1.014678423
HDFC,2018-11-30,1956.3,1989,1.016715228
HDFC,2018-12-03,1989,1980.75,0.995852187
HDFC,2018-12-04,1980.75,1939.45,0.979149312
HDFC,2018-12-05,1939.45,1973.3,1.017453402
HDFC,2018-12-06,1973.3,1945.8,0.986063954
HDFC,2018-12-07,1945.8,1951.35,1.002852297
HDFC,2018-12-10,1951.35,1906.5,0.977015912
HDFC,2018-12-11,1906.5,1905.25,0.999344348
HDFC,2018-12-12,1905.25,1940.2,1.018344049
HDFC,2018-12-13,1940.2,1942.05,1.00095351
HDFC,2018-12-14,1942.05,1904.1,0.980458794
HDFC,2018-12-17,1904.1,1960.35,1.029541516
HDFC,2018-12-18,1960.35,1952,0.995740557
HDFC,2018-12-19,1952,1981.7,1.015215164
HDFC,2018-12-20,1981.7,1974.7,0.996467679
HDFC,2018-12-21,1974.7,1948.6,0.986782802
HDFC,2018-12-24,1948.6,1902.15,0.976162373
HDFC,2018-12-26,1902.15,1933.35,1.016402492
HDFC,2018-12-27,1933.35,1948.85,1.008017172
HDFC,2018-12-28,1948.85,1979.95,1.015958129
HDFC,2018-12-31,1979.95,1968.35,0.994141266
HDFC,2019-01-01,1968.35,2009,1.020651815
HDFC,2019-01-02,2009,1980.65,0.985888502
HDFC,2019-01-03,1980.65,1936.85,0.977886048
HDFC,2019-01-04,1936.85,1972.6,1.018457805
HDFC,2019-01-07,1972.6,1972.9,1.000152084
HDFC,2019-01-08,1972.9,1958.95,0.992929191
HDFC,2019-01-09,1958.95,1994.95,1.018377192
HDFC,2019-01-10,1994.95,1980.1,0.992556204
HDFC,2019-01-11,1980.1,1991.4,1.005706782
HDFC,2019-01-14,1991.4,1969.2,0.988852064
HDFC,2019-01-15,1969.2,1992.15,1.011654479
HDFC,2019-01-16,1992.15,1975,0.991391211
HDFC,2019-01-17,1975,2004.55,1.014962025
HDFC,2019-01-18,2004.55,2006.85,1.00114739
HDFC,2019-01-21,2006.85,2004.45,0.998804096
HDFC,2019-01-22,2004.45,1979.4,0.987502806
HDFC,2019-01-23,1979.4,1958.25,0.989314944
HDFC,2019-01-24,1958.25,1971.1,1.006561981
HDFC,2019-01-25,1971.1,1977.8,1.003399117
HDFC,2019-01-28,1977.8,1946.9,0.98437658
HDFC,2019-01-29,1946.9,1922.3,0.987364528
HDFC,2019-01-30,1922.3,1885.8,0.981012329
HDFC,2019-01-31,1885.8,1922.35,1.019381695
HDFC,2019-02-01,1922.35,1961.25,1.020235649
HDFC,2019-02-04,1961.25,1978.5,1.008795411
HDFC,2019-02-05,1978.5,1981.4,1.001465757
HDFC,2019-02-06,1981.4,1987.95,1.003305743
HDFC,2019-02-07,1987.95,1969.65,0.990794537
HDFC,2019-02-08,1969.65,1944.65,0.98730739
HDFC,2019-02-11,1944.65,1948.2,1.001825521
HDFC,2019-02-12,1948.2,1905.05,0.97785135
HDFC,2019-02-13,1905.05,1930.5,1.013359229
HDFC,2019-02-14,1930.5,1900.7,0.984563585
HDFC,2019-02-15,1900.7,1874.9,0.986426054
HDFC,2019-02-18,1874.9,1874.85,0.999973332
HDFC,2019-02-19,1874.85,1853.45,0.988585754
HDFC,2019-02-20,1853.45,1870.5,1.009199061
HDFC,2019-02-21,1870.5,1891.45,1.011200214
HDFC,2019-02-22,1891.45,1887.4,0.997858786
HDFC,2019-02-25,1887.4,1894.5,1.003761789
HDFC,2019-02-26,1894.5,1853.65,0.978437582
HDFC,2019-02-27,1853.65,1841,0.993175626
HDFC,2019-02-28,1841,1841.2,1.000108637
HDFC,2019-03-01,1841.2,1859.45,1.009912014
HDFC,2019-03-05,1859.45,1860,1.000295786
HDFC,2019-03-06,1860,1885.2,1.013548387
HDFC,2019-03-07,1885.2,1880.2,0.997347762
HDFC,2019-03-08,1880.2,1884.05,1.002047655
HDFC,2019-03-11,1884.05,1897.55,1.007165415
HDFC,2019-03-12,1897.55,1930,1.017100999
HDFC,2019-03-13,1930,1950.65,1.010699482
HDFC,2019-03-14,1950.65,1956.95,1.003229693
HDFC,2019-03-15,1956.95,1974.65,1.009044687
HDFC,2019-03-18,1974.65,1962.4,0.993796369
HDFC,2019-03-19,1962.4,1967.85,1.002777212
HDFC,2019-03-20,1967.85,1987.55,1.010010926
HDFC,2019-03-22,1987.55,1981.55,0.996981208
HDFC,2019-03-25,1981.55,1945.65,0.981882869
HDFC,2019-03-26,1945.65,1946.3,1.000334079
HDFC,2019-03-27,1946.3,1919.9,0.986435801
HDFC,2019-03-28,1919.9,1944.45,1.012787124
HDFC,2019-03-29,1944.45,1968.25,1.012239965
HDFC,2019-04-01,1968.25,1959.65,0.995630636
HDFC,2019-04-02,1959.65,1995.95,1.018523716
HDFC,2019-04-03,1995.95,2013.1,1.0085924
HDFC,2019-04-04,2013.1,2042.05,1.014380806
HDFC,2019-04-05,2042.05,2059.2,1.008398423
HDFC,2019-04-08,2059.2,2054.9,0.99791181
HDFC,2019-04-09,2054.9,2069.15,1.006934644
HDFC,2019-04-10,2069.15,2029.25,0.980716719
HDFC,2019-04-11,2029.25,2022.8,0.996821486
HDFC,2019-04-12,2022.8,2024.95,1.001062883
HDFC,2019-04-15,2024.95,2014.25,0.994715919
HDFC,2019-04-16,2014.25,2026.7,1.006180961
HDFC,2019-04-18,2026.7,2003.75,0.988676173
HDFC,2019-04-22,2003.75,1953.9,0.975121647
HDFC,2019-04-23,1953.9,1934.7,0.990173499
HDFC,2019-04-24,1934.7,1980.4,1.023621233
HDFC,2019-04-25,1980.4,1955.15,0.98725005
HDFC,2019-04-26,1955.15,1977.4,1.011380201
HDFC,2019-04-30,1977.4,1995.05,1.008925862
HDFC,2019-05-02,1995.05,2017.4,1.011202727
HDFC,2019-05-03,2017.4,2006.4,0.994547437
HDFC,2019-05-06,2006.4,1965.45,0.979590311
HDFC,2019-05-07,1965.45,1966.3,1.000432471
HDFC,2019-05-08,1966.3,1930.75,0.981920358
HDFC,2019-05-09,1930.75,1914.6,0.991635375
HDFC,2019-05-10,1914.6,1931.7,1.008931369
HDFC,2019-05-13,1931.7,1952.9,1.010974789
HDFC,2019-05-14,1952.9,1965.2,1.006298326
HDFC,2019-05-15,1965.2,1944.95,0.989695705
HDFC,2019-05-16,1944.95,1942.1,0.998534667
HDFC,2019-05-17,1942.1,1993.65,1.026543432
HDFC,2019-05-20,1993.65,2122.5,1.064630201
HDFC,2019-05-21,2122.5,2114.5,0.99623086
HDFC,2019-05-22,2114.5,2138.8,1.011492079
HDFC,2019-05-23,2138.8,2114.4,0.988591734
HDFC,2019-05-24,2114.4,2123.4,1.004256527
HDFC,2019-05-27,2123.4,2165.3,1.019732504
HDFC,2019-05-28,2165.3,2147.85,0.991941071
HDFC,2019-05-29,2147.85,2147.45,0.999813767
HDFC,2019-05-30,2147.45,2184.4,1.017206454
HDFC,2019-05-31,2184.4,2182.65,0.999198865
HDFC,2019-06-03,2182.65,2230.45,1.021899984
HDFC,2019-06-04,2230.45,2223.95,0.99708579
HDFC,2019-06-06,2223.95,2183.45,0.981789159
HDFC,2019-06-07,2183.45,2210.85,1.012548948
HDFC,2019-06-10,2210.85,2194.05,0.992401113
HDFC,2019-06-11,2194.05,2189.85,0.998085732
HDFC,2019-06-12,2189.85,2181.95,0.996392447
HDFC,2019-06-13,2181.95,2197.5,1.007126653
HDFC,2019-06-14,2197.5,2185.85,0.994698521
HDFC,2019-06-17,2185.85,2173,0.99412128
HDFC,2019-06-18,2173,2153,0.990796134
HDFC,2019-06-19,2153,2175.4,1.010404087
HDFC,2019-06-20,2175.4,2199.25,1.010963501
HDFC,2019-06-21,2199.25,2140.8,0.973422758
HDFC,2019-06-24,2140.8,2148.9,1.003783632
HDFC,2019-06-25,2148.9,2172.8,1.011121969
HDFC,2019-06-26,2172.8,2168.1,0.997836892
HDFC,2019-06-27,2168.1,2195.45,1.012614732
HDFC,2019-06-28,2195.45,2192.1,0.998474117
HDFC,2019-07-01,2192.1,2245.9,1.024542676
HDFC,2019-07-02,2245.9,2281.25,1.015739793
HDFC,2019-07-03,2281.25,2277.2,0.998224658
HDFC,2019-07-04,2277.2,2280.25,1.001339364
HDFC,2019-07-05,2280.25,2278.9,0.99940796
HDFC,2019-07-08,2278.9,2259.95,0.991684585
HDFC,2019-07-09,2259.95,2232.8,0.98798646
HDFC,2019-07-10,2232.8,2227.75,0.997738266
HDFC,2019-07-11,2227.75,2261.9,1.015329368
HDFC,2019-07-12,2261.9,2257.8,0.998187365
HDFC,2019-07-15,2257.8,2265.35,1.003343963
HDFC,2019-07-16,2265.35,2277.55,1.005385481
HDFC,2019-07-17,2277.55,2286.7,1.004017475
HDFC,2019-07-18,2286.7,2345.15,1.025560852
HDFC,2019-07-19,2345.15,2303.55,0.982261263
HDFC,2019-07-22,2303.55,2186.9,0.949360769
HDFC,2019-07-23,2186.9,2138.5,0.977868215
HDFC,2019-07-24,2138.5,2184.25,1.0213935
HDFC,2019-07-25,2184.25,2195.35,1.005081836
HDFC,2019-07-26,2195.35,2165.75,0.986516956
HDFC,2019-07-29,2165.75,2149,0.992265959
HDFC,2019-07-30,2149,2127.25,0.989879013
HDFC,2019-07-31,2127.25,2121.8,0.997438007
HDFC,2019-08-01,2121.8,2086.8,0.983504572
HDFC,2019-08-02,2086.8,2124.8,1.018209699
HDFC,2019-08-05,2124.8,2152.35,1.012965926
HDFC,2019-08-06,2152.35,2189.9,1.017446047
HDFC,2019-08-07,2189.9,2175.2,0.993287365
HDFC,2019-08-08,2175.2,2182.3,1.003264068
HDFC,2019-08-09,2182.3,2211.65,1.013449113
HDFC,2019-08-13,2211.65,2100.1,0.949562544
HDFC,2019-08-14,2100.1,2117.7,1.008380553
HDFC,2019-08-16,2117.7,2100,0.991641876
HDFC,2019-08-19,2100,2114.05,1.006690476
HDFC,2019-08-20,2114.05,2090.1,0.988671034
HDFC,2019-08-21,2090.1,2066.9,0.988900053
HDFC,2019-08-22,2066.9,2014.1,0.974454497
HDFC,2019-08-23,2014.1,2043.75,1.014721215
HDFC,2019-08-26,2043.75,2148.35,1.051180428
HDFC,2019-08-27,2148.35,2174.3,1.012079037
HDFC,2019-08-28,2174.3,2187.15,1.005909948
HDFC,2019-08-29,2187.15,2128.45,0.97316142
HDFC,2019-08-30,2128.45,2166.45,1.017853367
HDFC,2019-09-03,2166.45,2089.9,0.964665697
HDFC,2019-09-04,2089.9,2100.1,1.004880616
HDFC,2019-09-05,2100.1,2044.15,0.973358412
HDFC,2019-09-06,2044.15,2041.45,0.998679158
HDFC,2019-09-09,2041.45,2064.25,1.011168532
HDFC,2019-09-11,2064.25,2071.85,1.003681725
HDFC,2019-09-12,2071.85,2082.75,1.005260999
HDFC,2019-09-13,2082.75,2083.85,1.000528148
HDFC,2019-09-16,2083.85,2046.75,0.982196415
HDFC,2019-09-17,2046.75,1996.25,0.975326738
HDFC,2019-09-18,1996.25,1988.3,0.996017533
HDFC,2019-09-19,1988.3,1974.6,0.993109692
HDFC,2019-09-20,1974.6,2049.3,1.037830447
HDFC,2019-09-23,2049.3,2162,1.054994388
HDFC,2019-09-24,2162,2130,0.98519889
HDFC,2019-09-25,2130,2069.95,0.971807512
HDFC,2019-09-26,2069.95,2063.2,0.996739052
HDFC,2019-09-27,2063.2,2035.9,0.986768127
HDFC,2019-09-30,2035.9,1977.05,0.971093865
HDFC,2019-10-01,1977.05,1995.65,1.009407956
HDFC,2019-10-03,1995.65,1974.55,0.989427004
HDFC,2019-10-04,1974.55,1978.3,1.001899167
HDFC,2019-10-07,1978.3,1969.3,0.995450639
HDFC,2019-10-09,1969.3,2002,1.016604885
HDFC,2019-10-10,2002,1987.95,0.992982018
HDFC,2019-10-11,1987.95,2010.15,1.011167283
HDFC,2019-10-14,2010.15,2014.75,1.002288386
HDFC,2019-10-15,2014.75,2013.3,0.999280308
HDFC,2019-10-16,2013.3,2048.7,1.017583073
HDFC,2019-10-17,2048.7,2089.75,1.020037097
HDFC,2019-10-18,2089.75,2094.45,1.002249073
HDFC,2019-10-22,2094.45,2114.9,1.0097639
HDFC,2019-10-23,2114.9,2142.95,1.013263038
HDFC,2019-10-24,2142.95,2144.95,1.000933293
HDFC,2019-10-25,2144.95,2101.55,0.979766428
HDFC,2019-10-27,2101.55,2105.35,1.001808189
HDFC,2019-10-29,2105.35,2113.05,1.003657349
HDFC,2019-10-30,2113.05,2107.45,0.997349802
HDFC,2019-10-31,2107.45,2131.9,1.011601699
HDFC,2019-11-01,2131.9,2128.6,0.998452085
HDFC,2019-11-04,2128.6,2181.3,1.024758057
HDFC,2019-11-05,2181.3,2181.3,1
HDFC,2019-11-06,2181.3,2220.6,1.018016779
HDFC,2019-11-07,2220.6,2251,1.013689994
HDFC,2019-11-08,2251,2233.2,0.992092403
HDFC,2019-11-11,2233.2,2234.55,1.000604514
HDFC,2019-11-13,2234.55,2207.45,0.987872279
HDFC,2019-11-14,2207.45,2226.8,1.00876577
HDFC,2019-11-15,2226.8,2224.05,0.998765044
HDFC,2019-11-18,2224.05,2236.3,1.00550797
HDFC,2019-11-19,2236.3,2212.1,0.989178554
HDFC,2019-11-20,2212.1,2200.95,0.994959541
HDFC,2019-11-21,2200.95,2210.35,1.004270883
HDFC,2019-11-22,2210.35,2237.3,1.012192639
HDFC,2019-11-25,2237.3,2294.55,1.025588879
HDFC,2019-11-26,2294.55,2304.65,1.004401735
HDFC,2019-11-27,2304.65,2336.3,1.013733105
HDFC,2019-11-28,2336.3,2309.75,0.988635877
HDFC,2019-11-29,2309.75,2297.25,0.994588159
HDFC,2019-12-02,2297.25,2306.6,1.004070084
HDFC,2019-12-03,2306.6,2319.7,1.005679355
HDFC,2019-12-04,2319.7,2322.4,1.001163944
HDFC,2019-12-05,2322.4,2327.55,1.002217534
HDFC,2019-12-06,2327.55,2264.65,0.972975876
HDFC,2019-12-09,2264.65,2311.4,1.020643367
HDFC,2019-12-10,2311.4,2295.15,0.992969629
HDFC,2019-12-11,2295.15,2321.65,1.011546086
HDFC,2019-12-12,2321.65,2318.45,0.99862167
HDFC,2019-12-13,2318.45,2354.5,1.015549182
HDFC,2019-12-16,2354.5,2375.25,1.008812911
HDFC,2019-12-17,2375.25,2430.1,1.023092306
HDFC,2019-12-18,2430.1,2445.15,1.006193161
HDFC,2019-12-19,2445.15,2411.9,0.986401652
HDFC,2019-12-20,2411.9,2404.1,0.996766035
HDFC,2019-12-23,2404.1,2422.65,1.007715985
HDFC,2019-12-24,2422.65,2412.75,0.995913566
HDFC,2019-12-26,2412.75,2414.1,1.000559528
HDFC,2019-12-27,2414.1,2444.15,1.012447703
HDFC,2019-12-30,2444.15,2438.25,0.997586073
HDFC,2019-12-31,2438.25,2412.55,0.989459653
HDFC,2020-01-01,2412.55,2433.95,1.008870282
HDFC,2020-01-02,2433.95,2466.4,1.013332238
HDFC,2020-01-03,2466.4,2454.45,0.995154882
HDFC,2020-01-06,2454.45,2384.1,0.971337774
HDFC,2020-01-07,2384.1,2415.05,1.012981838
HDFC,2020-01-08,2415.05,2406.15,0.996314776
HDFC,2020-01-09,2406.15,2457.4,1.021299586
HDFC,2020-01-10,2457.4,2457.55,1.00006104
HDFC,2020-01-13,2457.55,2462.55,1.002034547
HDFC,2020-01-14,2462.55,2492.3,1.012080973
HDFC,2020-01-15,2492.3,2488.6,0.998515428
HDFC,2020-01-16,2488.6,2482.1,0.99738809
HDFC,2020-01-17,2482.1,2453.95,0.988658797
HDFC,2020-01-20,2453.95,2454.35,1.000163003
HDFC,2020-01-21,2454.35,2465.45,1.004522582
HDFC,2020-01-22,2465.45,2416.6,0.980186173
HDFC,2020-01-23,2416.6,2428.4,1.004882893
HDFC,2020-01-24,2428.4,2450.75,1.009203591
HDFC,2020-01-27,2450.75,2395.8,0.977578292
HDFC,2020-01-28,2395.8,2431.6,1.014942817
HDFC,2020-01-29,2431.6,2404.25,0.988752262
HDFC,2020-01-30,2404.25,2415,1.004471249
HDFC,2020-01-31,2415,2414,0.999585921
HDFC,2020-02-01,2414,2268.25,0.939623032
HDFC,2020-02-03,2268.25,2259.75,0.996252618
HDFC,2020-02-04,2259.75,2345.95,1.038145813
HDFC,2020-02-05,2345.95,2391.65,1.019480381
HDFC,2020-02-06,2391.65,2436.45,1.018731838
HDFC,2020-02-07,2436.45,2405.65,0.987358657
HDFC,2020-02-10,2405.65,2414.3,1.003595702
HDFC,2020-02-11,2414.3,2435.15,1.008636044
HDFC,2020-02-12,2435.15,2437.6,1.001006098
HDFC,2020-02-13,2437.6,2403.65,0.986072366
HDFC,2020-02-14,2403.65,2401.75,0.999209535
HDFC,2020-02-17,2401.75,2350.25,0.978557302
HDFC,2020-02-18,2350.25,2318.8,0.986618445
HDFC,2020-02-19,2318.8,2377.25,1.025207004
HDFC,2020-02-20,2377.25,2369.5,0.996739931
HDFC,2020-02-24,2369.5,2292.3,0.967419287
HDFC,2020-02-25,2292.3,2302.6,1.004493304
HDFC,2020-02-26,2302.6,2281.45,0.990814731
HDFC,2020-02-27,2281.45,2272.2,0.995945561
HDFC,2020-02-28,2272.2,2175.75,0.957552152
HDFC,2020-03-02,2175.75,2179.65,1.001792485
HDFC,2020-03-03,2179.65,2191.4,1.005390774
HDFC,2020-03-04,2191.4,2206.05,1.006685224
HDFC,2020-03-05,2206.05,2195.05,0.995013712
HDFC,2020-03-06,2195.05,2109.45,0.961003166
HDFC,2020-03-09,2109.45,2027.9,0.961340634
HDFC,2020-03-11,2027.9,2036.25,1.00411756
HDFC,2020-03-12,2036.25,1875.7,0.921154082
HDFC,2020-03-13,1875.7,2066.8,1.101881964
HDFC,2020-03-16,2066.8,1841.75,0.891111864
HDFC,2020-03-17,1841.75,1755.8,0.953332428
HDFC,2020-03-18,1755.8,1622.55,0.924108668
HDFC,2020-03-19,1622.55,1617.6,0.996949247
HDFC,2020-03-20,1617.6,1753.95,1.084291543
HDFC,2020-03-23,1753.95,1520.7,0.867014453
HDFC,2020-03-24,1520.7,1505.1,0.989741566
HDFC,2020-03-25,1505.1,1646.05,1.093648263
HDFC,2020-03-26,1646.05,1733.25,1.052975305
HDFC,2020-03-27,1733.25,1754,1.011971729
HDFC,2020-03-30,1754,1558.75,0.88868301
HDFC,2020-03-31,1558.75,1633.1,1.047698476
HDFC,2020-04-01,1633.1,1583.5,0.969628314
HDFC,2020-04-03,1583.5,1499.55,0.946984528
HDFC,2020-04-07,1499.55,1555.15,1.03707779
HDFC,2020-04-08,1555.15,1558.8,1.00234704
HDFC,2020-04-09,1558.8,1703.1,1.092571209
HDFC,2020-04-13,1703.1,1655.2,0.971874817
HDFC,2020-04-15,1655.2,1596.3,0.964415176
HDFC,2020-04-16,1596.3,1625.75,1.018448913
HDFC,2020-04-17,1625.75,1680.6,1.033738275
HDFC,2020-04-20,1680.6,1727.7,1.028025705
HDFC,2020-04-21,1727.7,1669.7,0.966429357
HDFC,2020-04-22,1669.7,1664.15,0.99667605
HDFC,2020-04-23,1664.15,1663.45,0.999579365
HDFC,2020-04-24,1663.45,1580.3,0.950013526
HDFC,2020-04-27,1580.3,1591.45,1.007055622
HDFC,2020-04-28,1591.45,1715.8,1.078136291
HDFC,2020-04-29,1715.8,1836.75,1.070491899
HDFC,2020-04-30,1836.75,1916,1.043146863
HDFC,2020-05-04,1916,1724.35,0.899973904
HDFC,2020-05-05,1724.35,1689.9,0.980021457
HDFC,2020-05-06,1689.9,1732.15,1.025001479
HDFC,2020-05-07,1732.15,1703.9,0.983690789
HDFC,2020-05-08,1703.9,1689.7,0.991666178
HDFC,2020-05-11,1689.7,1658.45,0.981505593
HDFC,2020-05-12,1658.45,1674.1,1.009436522
HDFC,2020-05-13,1674.1,1712.75,1.023087032
HDFC,2020-05-14,1712.75,1632.4,0.953087141
HDFC,2020-05-15,1632.4,1633.8,1.000857633
HDFC,2020-05-18,1633.8,1512.05,0.925480475
HDFC,2020-05-19,1512.05,1539.85,1.018385635
HDFC,2020-05-20,1539.85,1627,1.056596422
HDFC,2020-05-21,1627,1597.3,0.981745544
HDFC,2020-05-22,1597.3,1516.15,0.949195517
HDFC,2020-05-26,1516.15,1502.15,0.990766085
HDFC,2020-05-27,1502.15,1570.4,1.045434877
HDFC,2020-05-28,1570.4,1623.7,1.033940397
HDFC,2020-05-29,1623.7,1658.9,1.021678882
HDFC,2020-06-01,1658.9,1737.7,1.047501356
HDFC,2020-06-02,1737.7,1813.55,1.043649652
HDFC,2020-06-03,1813.55,1835.65,1.012186044
HDFC,2020-06-04,1835.65,1764.3,0.961130935
HDFC,2020-06-05,1764.3,1766.6,1.001303633
HDFC,2020-06-08,1766.6,1760.8,0.996716857
HDFC,2020-06-09,1760.8,1772.1,1.006417537
HDFC,2020-06-10,1772.1,1809.3,1.020992043
HDFC,2020-06-11,1809.3,1787.45,0.987923506
HDFC,2020-06-12,1787.45,1792.2,1.002657417
HDFC,2020-06-15,1792.2,1751.65,0.977374177
HDFC,2020-06-16,1751.65,1821.9,1.040105044
HDFC,2020-06-17,1821.9,1794.65,0.985043087
HDFC,2020-06-18,1794.65,1855.95,1.034157078
HDFC,2020-06-19,1855.95,1835.1,0.988765861
HDFC,2020-06-22,1835.1,1819.4,0.991444608
HDFC,2020-06-23,1819.4,1838.1,1.010278114
HDFC,2020-06-24,1838.1,1797.75,0.978047984
HDFC,2020-06-25,1797.75,1777.8,0.988902795
HDFC,2020-06-26,1777.8,1769.35,0.995246934
HDFC,2020-06-29,1769.35,1741.15,0.984061944
HDFC,2020-06-30,1741.15,1754.65,1.007753496
HDFC,2020-07-01,1754.65,1835.15,1.045878095
HDFC,2020-07-02,1835.15,1889.45,1.029588862
HDFC,2020-07-03,1889.45,1885.2,0.997750668
HDFC,2020-07-06,1885.2,1868.7,0.991247613
HDFC,2020-07-07,1868.7,1886.75,1.009659121
HDFC,2020-07-08,1886.75,1886.05,0.999628992
HDFC,2020-07-09,1886.05,1941.85,1.029585642
HDFC,2020-07-10,1941.85,1886,0.971238767
HDFC,2020-07-13,1886,1845.55,0.978552492
HDFC,2020-07-14,1845.55,1791.6,0.970767522
HDFC,2020-07-15,1791.6,1789.9,0.999051127
HDFC,2020-07-16,1789.9,1787.8,0.99882675
HDFC,2020-07-17,1787.8,1805.85,1.010096208
HDFC,2020-07-20,1805.85,1806.05,1.000110751
HDFC,2020-07-21,1806.05,1883.65,1.042966695
HDFC,2020-07-22,1883.65,1881.05,0.998619701
HDFC,2020-07-23,1881.05,1875.8,0.997209006
HDFC,2020-07-24,1875.8,1841.3,0.981607847
HDFC,2020-07-27,1841.3,1850.75,1.005132244
HDFC,2020-07-28,1850.75,1897.35,1.025178981
HDFC,2020-07-29,1897.35,1877.3,0.98943263
HDFC,2020-07-30,1877.3,1810.65,0.964496884
HDFC,2020-07-31,1810.65,1781.95,0.984149339
HDFC,2020-08-03,1781.95,1739.8,0.976346138
HDFC,2020-08-04,1739.8,1781.1,1.023738361
HDFC,2020-08-05,1781.1,1776.7,0.997529617
HDFC,2020-08-06,1776.7,1783.75,1.003968031
HDFC,2020-08-07,1783.75,1777.7,0.996608269
HDFC,2020-08-10,1777.7,1798.95,1.011953648
HDFC,2020-08-11,1798.95,1826.75,1.015453459
HDFC,2020-08-12,1826.75,1814.2,0.993129875
HDFC,2020-08-13,1814.2,1804.85,0.994846213
HDFC,2020-08-14,1804.85,1791.7,0.992714076
HDFC,2020-08-17,1791.7,1800.55,1.004939443
HDFC,2020-08-18,1800.55,1820.7,1.011191025
HDFC,2020-08-19,1820.7,1827.95,1.003981985
HDFC,2020-08-20,1827.95,1785.15,0.976585793
HDFC,2020-08-21,1785.15,1804.05,1.010587346
HDFC,2020-08-24,1804.05,1829.85,1.014301156
HDFC,2020-08-25,1829.85,1829.6,0.999863377
HDFC,2020-08-26,1829.6,1816,0.992566681
HDFC,2020-08-27,1816,1864.1,1.026486784
HDFC,2020-08-28,1864.1,1883.25,1.010273054
HDFC,2020-08-31,1883.25,1832.6,0.973105005
HDFC,2020-09-01,1832.6,1851.2,1.010149514
HDFC,2020-09-02,1851.2,1827.2,0.987035436
HDFC,2020-09-03,1827.2,1808.75,0.989902583
HDFC,2020-09-04,1808.75,1769.7,0.978410504
HDFC,2020-09-07,1769.7,1791.1,1.012092445
HDFC,2020-09-08,1791.1,1777.3,0.992295238
HDFC,2020-09-09,1777.3,1760.75,0.990688122
HDFC,2020-09-10,1760.75,1777.45,1.009484595
HDFC,2020-09-11,1777.45,1768.15,0.994767785
HDFC,2020-09-14,1768.15,1738,0.982948279
HDFC,2020-09-15,1738,1758.75,1.01193901
HDFC,2020-09-16,1758.75,1768.15,1.005344705
HDFC,2020-09-17,1768.15,1744.35,0.986539604
HDFC,2020-09-18,1744.35,1724,0.988333763
HDFC,2020-09-21,1724,1708.15,0.990806265
HDFC,2020-09-22,1708.15,1674.85,0.980505225
HDFC,2020-09-23,1674.85,1667.1,0.99537272
HDFC,2020-09-24,1667.1,1636.85,0.981854718
HDFC,2020-09-25,1636.85,1652,1.009255582
HDFC,2020-09-28,1652,1681.45,1.017826877
HDFC,2020-09-29,1681.45,1713.1,1.01882304
HDFC,2020-09-30,1713.1,1740.05,1.015731714
HDFC,2020-10-01,1740.05,1790.65,1.029079624
HDFC,2020-10-05,1790.65,1785.1,0.996900567
HDFC,2020-10-06,1785.1,1934.4,1.083636771
HDFC,2020-10-07,1934.4,1948.75,1.007418321
HDFC,2020-10-08,1948.75,1949.25,1.000256575
HDFC,2020-10-09,1949.25,1957.65,1.00430935
HDFC,2020-10-12,1957.65,1965.4,1.003958828
HDFC,2020-10-13,1965.4,1943.4,0.98880635
HDFC,2020-10-14,1943.4,1979.85,1.018755789
HDFC,2020-10-15,1979.85,1947.2,0.983508852
HDFC,2020-10-16,1947.2,1961.7,1.00744659
HDFC,2020-10-19,1961.7,2031.5,1.035581383
HDFC,2020-10-20,2031.5,2015.3,0.992025597
HDFC,2020-10-21,2015.3,2048.75,1.016598025
HDFC,2020-10-22,2048.75,2042.55,0.996973764
HDFC,2020-10-23,2042.55,2059.7,1.008396367
HDFC,2020-10-26,2059.7,2073.35,1.006627179
HDFC,2020-10-27,2073.35,2041.35,0.98456604
HDFC,2020-10-28,2041.35,1968.9,0.964508781
HDFC,2020-10-29,1968.9,1934.3,0.982426736
HDFC,2020-10-30,1934.3,1923.55,0.994442434
HDFC,2020-11-02,1923.55,2040.8,1.060955005
HDFC,2020-11-03,2040.8,2130.95,1.044173853
HDFC,2020-11-04,2130.95,2088.2,0.979938525
HDFC,2020-11-05,2088.2,2100.7,1.005986017
HDFC,2020-11-06,2100.7,2138.45,1.0179702
HDFC,2020-11-09,2138.45,2152.1,1.006383128
HDFC,2020-11-10,2152.1,2272.1,1.055759491
HDFC,2020-11-11,2272.1,2324.3,1.022974341
HDFC,2020-11-12,2324.3,2332.1,1.003355849
HDFC,2020-11-13,2332.1,2306.75,0.989129969
HDFC,2020-11-14,2306.75,2311.25,1.001950797
HDFC,2020-11-17,2311.25,2349,1.016333153
HDFC,2020-11-18,2349,2364.9,1.006768838
HDFC,2020-11-19,2364.9,2324.6,0.98295911
HDFC,2020-11-20,2324.6,2334.8,1.004387852
HDFC,2020-11-23,2334.8,2250.8,0.964022614
HDFC,2020-11-24,2250.8,2217.7,0.985294118
HDFC,2020-11-25,2217.7,2191.35,0.988118321
HDFC,2020-11-26,2191.35,2238.4,1.021470783
HDFC,2020-11-27,2238.4,2256.25,1.007974446
HDFC,2020-12-01,2256.25,2306.95,1.022470914
HDFC,2020-12-02,2306.95,2276.35,0.986735733
HDFC,2020-12-03,2276.35,2253.95,0.990159685
HDFC,2020-12-04,2253.95,2245.9,0.996428492
HDFC,2020-12-07,2245.9,2303.8,1.025780311
HDFC,2020-12-08,2303.8,2309.75,1.002582689
HDFC,2020-12-09,2309.75,2306.7,0.998679511
HDFC,2020-12-10,2306.7,2289.1,0.992370052
HDFC,2020-12-11,2289.1,2295.9,1.0029706
HDFC,2020-12-14,2295.9,2302.65,1.002940024
HDFC,2020-12-15,2302.65,2350.35,1.020715263
HDFC,2020-12-16,2350.35,2424.65,1.031612313
HDFC,2020-12-17,2424.65,2494.6,1.028849525
HDFC,2020-12-18,2494.6,2479.4,0.993906839
HDFC,2020-12-21,2479.4,2414.8,0.973945309
HDFC,2020-12-22,2414.8,2403.65,0.99538264
HDFC,2020-12-23,2403.65,2403.05,0.99975038
HDFC,2020-12-24,2403.05,2455.15,1.021680781
HDFC,2020-12-28,2455.15,2476.45,1.008675641
HDFC,2020-12-29,2476.45,2518.95,1.017161663
HDFC,2020-12-30,2518.95,2518.05,0.999642708
HDFC,2020-12-31,2518.05,2558.65,1.016123588
HDFC,2021-01-01,2558.65,2568.75,1.003947394
HDFC,2021-01-04,2568.75,2578.5,1.00379562
HDFC,2021-01-05,2578.5,2651.85,1.028446771
HDFC,2021-01-06,2651.85,2638.85,0.995097762
HDFC,2021-01-07,2638.85,2661.35,1.008526441
HDFC,2021-01-08,2661.35,2657.5,0.998553366
HDFC,2021-01-11,2657.5,2751.2,1.035258702
HDFC,2021-01-12,2751.2,2747.55,0.998673306
HDFC,2021-01-13,2747.55,2670.9,0.972102419
HDFC,2021-01-14,2670.9,2684.05,1.004923434
HDFC,2021-01-15,2684.05,2632.75,0.980887092
HDFC,2021-01-18,2632.75,2566.5,0.974836198
HDFC,2021-01-19,2566.5,2656.95,1.035242548
HDFC,2021-01-20,2656.95,2688.15,1.011742788
HDFC,2021-01-21,2688.15,2663,0.990644123
HDFC,2021-01-22,2663,2589.45,0.972380774
HDFC,2021-01-25,2589.45,2551.4,0.98530576
HDFC,2021-01-27,2551.4,2467,0.966920122
HDFC,2021-01-28,2467,2425.75,0.983279287
HDFC,2021-01-29,2425.75,2377.8,0.980232918
HDFC,2021-02-01,2377.8,2579.25,1.084721171
HDFC,2021-02-02,2579.25,2659,1.030919841
HDFC,2021-02-03,2659,2703.55,1.016754419
HDFC,2021-02-04,2703.55,2707.75,1.001553513
HDFC,2021-02-05,2707.75,2721.5,1.005078017
HDFC,2021-02-08,2721.5,2733.35,1.004354216
HDFC,2021-02-09,2733.35,2747.05,1.005012165
HDFC,2021-02-10,2747.05,2767.1,1.007298739
HDFC,2021-02-11,2767.1,2760.6,0.99765097
HDFC,2021-02-12,2760.6,2791.5,1.011193219
HDFC,2021-02-15,2791.5,2860.45,1.024699982
HDFC,2021-02-16,2860.45,2858.65,0.999370728
HDFC,2021-02-17,2858.65,2805.35,0.981354835
HDFC,2021-02-18,2805.35,2745.15,0.978541002
HDFC,2021-02-19,2745.15,2741.3,0.998597527
HDFC,2021-02-22,2741.3,2651.95,0.967405975
HDFC,2021-02-23,2651.95,2628.6,0.991195158
HDFC,2021-02-24,2628.6,2707.75,1.030111086
HDFC,2021-02-25,2707.75,2684.7,0.991487397
HDFC,2021-02-26,2684.7,2539.4,0.945878497
HDFC,2021-03-01,2539.4,2606,1.026226668
HDFC,2021-03-02,2606,2564,0.983883346
HDFC,2021-03-03,2564,2654.9,1.035452418
HDFC,2021-03-04,2654.9,2582.95,0.972899168
HDFC,2021-03-05,2582.95,2543.9,0.984881628
HDFC,2021-03-08,2543.9,2510.25,0.986772279
HDFC,2021-03-09,2510.25,2577.3,1.026710487
HDFC,2021-03-10,2577.3,2599.8,1.008730066
HDFC,2021-03-12,2599.8,2568,0.98776829
HDFC,2021-03-15,2568,2535.5,0.987344237
HDFC,2021-03-16,2535.5,2510.4,0.990100572
HDFC,2021-03-17,2510.4,2515.55,1.002051466
HDFC,2021-03-18,2515.55,2514.6,0.999622349
HDFC,2021-03-19,2514.6,2531.65,1.006780402
HDFC,2021-03-22,2531.65,2531.85,1.000079
HDFC,2021-03-23,2531.85,2509.9,0.99133045
HDFC,2021-03-24,2509.9,2465.75,0.982409658
HDFC,2021-03-25,2465.75,2470.75,1.002027781
HDFC,2021-03-26,2470.75,2532.75,1.025093595
HDFC,2021-03-30,2532.75,2605.65,1.028782943
HDFC,2021-03-31,2605.65,2498.1,0.958724311
HDFC,2021-04-01,2498.1,2531.45,1.013350146
HDFC,2021-04-05,2531.45,2445.85,0.966185388
HDFC,2021-04-06,2445.85,2472.3,1.010814236
HDFC,2021-04-07,2472.3,2482.7,1.004206609
HDFC,2021-04-08,2482.7,2502.55,1.007995328
HDFC,2021-04-09,2502.55,2513.9,1.004535374
HDFC,2021-04-12,2513.9,2419.85,0.962588011
HDFC,2021-04-13,2419.85,2512.95,1.038473459
HDFC,2021-04-15,2512.95,2547.15,1.013609503
HDFC,2021-04-16,2547.15,2574.05,1.010560823
HDFC,2021-04-19,2574.05,2492.35,0.968260135
HDFC,2021-04-20,2492.35,2415.9,0.969326138
HDFC,2021-04-22,2415.9,2479.7,1.026408378
HDFC,2021-04-23,2479.7,2497.35,1.007117797
HDFC,2021-04-26,2497.35,2509.8,1.004985284
HDFC,2021-04-27,2509.8,2518.4,1.003426568
HDFC,2021-04-28,2518.4,2577,1.023268742
HDFC,2021-04-29,2577,2538.85,0.985195964
HDFC,2021-04-30,2538.85,2420.1,0.953226855
HDFC,2021-05-03,2420.1,2418.5,0.99933887
HDFC,2021-05-04,2418.5,2377.2,0.9829233
HDFC,2021-05-05,2377.2,2377.6,1.000168265
HDFC,2021-05-06,2377.6,2430.1,1.02208109
HDFC,2021-05-07,2430.1,2496.75,1.027426855
HDFC,2021-05-10,2496.75,2531.35,1.013858015
HDFC,2021-05-11,2531.35,2464.2,0.973472653
HDFC,2021-05-12,2464.2,2438.7,0.989651814
HDFC,2021-05-14,2438.7,2422,0.993152089
HDFC,2021-05-17,2422,2486.45,1.026610239
HDFC,2021-05-18,2486.45,2502.85,1.006595749
HDFC,2021-05-19,2502.85,2459.85,0.982819586
HDFC,2021-05-20,2459.85,2445,0.993963047
HDFC,2021-05-21,2445,2518.05,1.029877301
HDFC,2021-05-24,2518.05,2540.9,1.009074482
HDFC,2021-05-25,2540.9,2530.5,0.995906962
HDFC,2021-05-26,2530.5,2567.55,1.014641375
HDFC,2021-05-27,2567.55,2508.85,0.977137738
HDFC,2021-05-28,2508.85,2541.35,1.012954142
HDFC,2021-05-31,2541.35,2552.85,1.004525154
HDFC,2021-06-01,2552.85,2580.75,1.010928962
HDFC,2021-06-02,2580.75,2562.15,0.992792793
HDFC,2021-06-03,2562.15,2584,1.008527994
HDFC,2021-06-04,2584,2619.05,1.013564241
HDFC,2021-06-07,2619.05,2585.75,0.987285466
HDFC,2021-06-08,2585.75,2554.5,0.987914532
HDFC,2021-06-09,2554.5,2544.75,0.996183206
HDFC,2021-06-10,2544.75,2561.9,1.006739365
HDFC,2021-06-11,2561.9,2559.8,0.999180296
HDFC,2021-06-14,2559.8,2539.2,0.991952496
HDFC,2021-06-15,2539.2,2545.1,1.002323566
HDFC,2021-06-16,2545.1,2521.45,0.990707634
HDFC,2021-06-17,2521.45,2487.3,0.986456206
HDFC,2021-06-18,2487.3,2488.1,1.000321634
HDFC,2021-06-21,2488.1,2516.4,1.011374141
HDFC,2021-06-22,2516.4,2522.9,1.002583055
HDFC,2021-06-23,2522.9,2497.2,0.98981331
HDFC,2021-06-24,2497.2,2487.4,0.996075605
HDFC,2021-06-25,2487.4,2509.2,1.008764171
HDFC,2021-06-28,2509.2,2494.95,0.994320899
HDFC,2021-06-29,2494.95,2501.2,1.00250506
HDFC,2021-06-30,2501.2,2475.25,0.98962498
HDFC,2021-07-01,2475.25,2459.4,0.993596606
HDFC,2021-07-02,2459.4,2475.7,1.006627633
HDFC,2021-07-05,2475.7,2494.9,1.007755382
HDFC,2021-07-06,2494.9,2496.4,1.000601227
HDFC,2021-07-07,2496.4,2529.2,1.01313892
HDFC,2021-07-08,2529.2,2512.05,0.9932192
HDFC,2021-07-09,2512.05,2496.45,0.993789933
HDFC,2021-07-12,2496.45,2476.95,0.992188908
HDFC,2021-07-13,2476.95,2544.9,1.027432932
HDFC,2021-07-14,2544.9,2531.1,0.99457739
HDFC,2021-07-15,2531.1,2540.1,1.003555766
HDFC,2021-07-16,2540.1,2536.9,0.998740207
HDFC,2021-07-19,2536.9,2481.65,0.978221451
HDFC,2021-07-20,2481.65,2458.75,0.990772268
HDFC,2021-07-22,2458.75,2490.3,1.012831723
HDFC,2021-07-23,2490.3,2482.5,0.996867847
HDFC,2021-07-26,2482.5,2464.3,0.992668681
HDFC,2021-07-27,2464.3,2433.95,0.987684129
HDFC,2021-07-28,2433.95,2425.8,0.996651534
HDFC,2021-07-29,2425.8,2414.8,0.995465413
HDFC,2021-07-30,2414.8,2441.15,1.010911877
HDFC,2021-08-02,2441.15,2462.05,1.008561539
HDFC,2021-08-03,2462.05,2554.65,1.037610934
HDFC,2021-08-04,2554.65,2676.05,1.047521187
HDFC,2021-08-05,2676.05,2661.7,0.994637619
HDFC,2021-08-06,2661.7,2628.1,0.987376489
HDFC,2021-08-09,2628.1,2623.9,0.998401887
HDFC,2021-08-10,2623.9,2671.65,1.018198102
HDFC,2021-08-11,2671.65,2658.5,0.995077948
HDFC,2021-08-12,2658.5,2668.75,1.003855558
HDFC,2021-08-13,2668.75,2704.15,1.013264637
HDFC,2021-08-16,2704.15,2731.15,1.009984653
HDFC,2021-08-17,2731.15,2738.4,1.002654559
HDFC,2021-08-18,2738.4,2710.75,0.989902863
HDFC,2021-08-20,2710.75,2722.05,1.004168588
HDFC,2021-08-23,2722.05,2721.95,0.999963263
HDFC,2021-08-24,2721.95,2691.25,0.988721321
HDFC,2021-08-25,2691.25,2699.25,1.002972596
HDFC,2021-08-26,2699.25,2700.35,1.000407521
HDFC,2021-08-27,2700.35,2718.2,1.006610254
HDFC,2021-08-30,2718.2,2755.7,1.013795894
HDFC,2021-08-31,2755.7,2798.5,1.015531444
HDFC,2021-09-01,2798.5,2747.75,0.981865285
HDFC,2021-09-02,2747.75,2777.7,1.010899827
HDFC,2021-09-03,2777.7,2758.6,0.993123807
HDFC,2021-09-06,2758.6,2765.3,1.002428768
HDFC,2021-09-07,2765.3,2837,1.025928471
HDFC,2021-09-08,2837,2829.3,0.997285865
HDFC,2021-09-09,2829.3,2830.1,1.000282755
HDFC,2021-09-13,2830.1,2849.8,1.006960885
HDFC,2021-09-14,2849.8,2818.05,0.988858867
HDFC,2021-09-15,2818.05,2815.45,0.999077376
HDFC,2021-09-16,2815.45,2812.35,0.998898933
HDFC,2021-09-17,2812.35,2825.65,1.004729141
HDFC,2021-09-20,2825.65,2742.5,0.970573142
HDFC,2021-09-21,2742.5,2774.35,1.011613491
HDFC,2021-09-22,2774.35,2734.7,0.985708364
HDFC,2021-09-23,2734.7,2817.4,1.030240977
HDFC,2021-09-24,2817.4,2839,1.007666643
HDFC,2021-09-27,2839,2839.8,1.000281789
HDFC,2021-09-28,2839.8,2804.95,0.987728009
HDFC,2021-09-29,2804.95,2746.45,0.979144013
HDFC,2021-09-30,2746.45,2754.3,1.002858235
HDFC,2021-10-01,2754.3,2711.65,0.984515122
HDFC,2021-10-04,2711.65,2725.2,1.004996958
HDFC,2021-10-05,2725.2,2741.45,1.005962865
HDFC,2021-10-06,2741.45,2750.95,1.003465319
HDFC,2021-10-07,2750.95,2727,0.991293917
HDFC,2021-10-08,2727,2720.65,0.997671434
HDFC,2021-10-11,2720.65,2749.25,1.010512194
HDFC,2021-10-12,2749.25,2755.1,1.002127853
HDFC,2021-10-13,2755.1,2765.6,1.003811114
HDFC,2021-10-14,2765.6,2808.75,1.015602401
HDFC,2021-10-18,2808.75,2811.5,1.000979083
HDFC,2021-10-19,2811.5,2822.9,1.004054775
HDFC,2021-10-20,2822.9,2795.1,0.990151971
HDFC,2021-10-21,2795.1,2844.1,1.017530679
HDFC,2021-10-22,2844.1,2903.95,1.021043564
HDFC,2021-10-25,2903.95,2896.15,0.997314003
HDFC,2021-10-26,2896.15,2911.65,1.005351933
HDFC,2021-10-27,2911.65,2915,1.00115055
HDFC,2021-10-28,2915,2900.8,0.995128645
HDFC,2021-10-29,2900.8,2844.7,0.980660507
HDFC,2021-11-01,2844.7,2887.95,1.015203712
HDFC,2021-11-02,2887.95,2900.05,1.004189823
HDFC,2021-11-03,2900.05,2895.9,0.99856899
HDFC,2021-11-04,2895.9,2899.7,1.0013122
HDFC,2021-11-08,2899.7,2979.55,1.027537331
HDFC,2021-11-09,2979.55,2941.6,0.987263177
HDFC,2021-11-10,2941.6,2945.6,1.001359804
HDFC,2021-11-11,2945.6,2908.85,0.987523764
HDFC,2021-11-12,2908.85,2992.65,1.028808636
HDFC,2021-11-15,2992.65,3000.85,1.002740046
HDFC,2021-11-16,3000.85,2975.45,0.991535732
HDFC,2021-11-17,2975.45,2948.4,0.990908938
HDFC,2021-11-18,2948.4,2925.4,0.992199159
HDFC,2021-11-22,2925.4,2894.85,0.989556984
HDFC,2021-11-23,2894.85,2906.5,1.004024388
HDFC,2021-11-24,2906.5,2883.55,0.992103905
HDFC,2021-11-25,2883.55,2867.75,0.994520643
HDFC,2021-11-26,2867.75,2741.7,0.95604568
HDFC,2021-11-29,2741.7,2713.8,0.989823832
HDFC,2021-11-30,2713.8,2673.1,0.985002579
HDFC,2021-12-01,2673.1,2703.65,1.011428678
HDFC,2021-12-02,2703.65,2807.8,1.038521998
HDFC,2021-12-03,2807.8,2771.65,0.987125151
HDFC,2021-12-06,2771.65,2768.8,0.998971732
HDFC,2021-12-07,2768.8,2817.5,1.017588847
HDFC,2021-12-08,2817.5,2853,1.012599823
HDFC,2021-12-09,2853,2842.05,0.996161935
HDFC,2021-12-10,2842.05,2808.75,0.988283106
HDFC,2021-12-13,2808.75,2771.85,0.986862483
HDFC,2021-12-14,2771.85,2751.95,0.992820679
HDFC,2021-12-15,2751.95,2721.8,0.989044132
HDFC,2021-12-16,2721.8,2699.6,0.991843633
HDFC,2021-12-17,2699.6,2617.35,0.969532523
HDFC,2021-12-20,2617.35,2550.3,0.974382486
HDFC,2021-12-21,2550.3,2540.85,0.996294554
HDFC,2021-12-22,2540.85,2539,0.999271897
HDFC,2021-12-23,2539,2571.15,1.012662466
HDFC,2021-12-24,2571.15,2534.55,0.985765125
HDFC,2021-12-27,2534.55,2558.85,1.009587501
HDFC,2021-12-28,2558.85,2565.35,1.002540204
HDFC,2021-12-29,2565.35,2563.55,0.999298341
HDFC,2021-12-30,2563.55,2563.7,1.000058513
HDFC,2021-12-31,2563.7,2586.45,1.008873893
HDFC,2022-01-03,2586.45,2636.4,1.019312185
HDFC,2022-01-04,2636.4,2675.3,1.014754969
HDFC,2022-01-05,2675.3,2673.65,0.999383247
HDFC,2022-01-06,2673.65,2620.4,0.980083407
HDFC,2022-01-07,2620.4,2596.7,0.990955579
HDFC,2022-01-10,2596.7,2659.65,1.024242308
HDFC,2022-01-11,2659.65,2710.95,1.019288252
HDFC,2022-01-12,2710.95,2737.5,1.009793615
HDFC,2022-01-13,2737.5,2756,1.006757991
HDFC,2022-01-14,2756,2712.45,0.984198113
HDFC,2022-01-17,2712.45,2702.7,0.996405464
HDFC,2022-01-18,2702.7,2662.5,0.985125985
HDFC,2022-01-19,2662.5,2620.25,0.984131455
HDFC,2022-01-20,2620.25,2569.3,0.980555291
HDFC,2022-01-21,2569.3,2592.95,1.009204842
HDFC,2022-01-24,2592.95,2539.8,0.979502111
HDFC,2022-01-25,2539.8,2530.6,0.996377668
HDFC,2022-01-27,2530.6,2503.35,0.989231803
HDFC,2022-01-28,2503.35,2516.5,1.005252961
HDFC,2022-01-31,2516.5,2521,1.001788198
HDFC,2022-02-01,2521,2565.35,1.017592225
HDFC,2022-02-02,2565.35,2612.95,1.018554973
HDFC,2022-02-03,2612.95,2527.8,0.967412312
HDFC,2022-02-04,2527.8,2503.25,0.990287997
HDFC,2022-02-07,2503.25,2428.15,0.969999001
HDFC,2022-02-08,2428.15,2414.6,0.99441962
HDFC,2022-02-09,2414.6,2435.35,1.008593556
HDFC,2022-02-10,2435.35,2476.55,1.016917486
HDFC,2022-02-11,2476.55,2426.35,0.979729866
HDFC,2022-02-14,2426.35,2296.8,0.946607044
HDFC,2022-02-15,2296.8,2340.25,1.018917625
HDFC,2022-02-16,2340.25,2363.85,1.010084393
HDFC,2022-02-17,2363.85,2411.8,1.020284705
HDFC,2022-02-18,2411.8,2441.15,1.012169334
HDFC,2022-02-21,2441.15,2436.8,0.998218053
HDFC,2022-02-22,2436.8,2453.95,1.007037919
HDFC,2022-02-23,2453.95,2437.05,0.993113144
HDFC,2022-02-24,2437.05,2343.05,0.961428777
HDFC,2022-02-25,2343.05,2401.35,1.024882098
HDFC,2022-02-28,2401.35,2364.5,0.984654465
HDFC,2022-03-02,2364.5,2278.1,0.963459505
HDFC,2022-03-03,2278.1,2273,0.997761292
HDFC,2022-03-04,2273,2217.5,0.97558293
HDFC,2022-03-07,2217.5,2121.95,0.956910936
HDFC,2022-03-08,2121.95,2151.7,1.014020123
HDFC,2022-03-09,2151.7,2194.4,1.019844774
HDFC,2022-03-10,2194.4,2237.95,1.019845972
HDFC,2022-03-11,2237.95,2230,0.996447642
HDFC,2022-03-14,2230,2275.7,1.020493274
HDFC,2022-03-15,2275.7,2240.85,0.984686031
HDFC,2022-03-16,2240.85,2292.1,1.022870786
HDFC,2022-03-17,2292.1,2415.25,1.053728022
HDFC,2022-03-21,2415.25,2391.9,0.990332264
HDFC,2022-03-22,2391.9,2402.75,1.004536143
HDFC,2022-03-23,2402.75,2346.3,0.976506087
HDFC,2022-03-24,2346.3,2310.5,0.984741934
HDFC,2022-03-25,2310.5,2303,0.996753949
HDFC,2022-03-28,2303,2268.25,0.984910986
HDFC,2022-03-29,2268.25,2337.35,1.030464014
HDFC,2022-03-30,2337.35,2385.45,1.020578861
HDFC,2022-03-31,2385.45,2390.4,1.00207508
HDFC,2022-04-01,2390.4,2452.3,1.025895248
HDFC,2022-04-04,2452.3,2680.05,1.092871998
