Symbol,Date,Prev Close,Close Price,Ratio_b
HDFCBANK,2015-01-01,951.6,952.05,1.000472888
HDFCBANK,2015-01-02,952.05,965.3,1.013917336
HDFCBANK,2015-01-05,965.3,957.15,0.991557029
HDFCBANK,2015-01-06,957.15,942.25,0.984432952
HDFCBANK,2015-01-07,942.25,945,1.002918546
HDFCBANK,2015-01-08,945,964.85,1.021005291
HDFCBANK,2015-01-09,964.85,975.65,1.01119345
HDFCBANK,2015-01-12,975.65,967.05,0.991185364
HDFCBANK,2015-01-13,967.05,963.35,0.996173931
HDFCBANK,2015-01-14,963.35,963.9,1.000570924
HDFCBANK,2015-01-15,963.9,993.15,1.030345472
HDFCBANK,2015-01-16,993.15,1001.35,1.008256557
HDFCBANK,2015-01-19,1001.35,1004.55,1.003195686
HDFCBANK,2015-01-20,1004.55,1020.95,1.016325718
HDFCBANK,2015-01-21,1020.95,1019.95,0.99902052
HDFCBANK,2015-01-22,1019.95,1021.25,1.001274572
HDFCBANK,2015-01-23,1021.25,1042.8,1.021101591
HDFCBANK,2015-01-27,1042.8,1074.05,1.029967395
HDFCBANK,2015-01-28,1074.05,1058.35,0.985382431
HDFCBANK,2015-01-29,1058.35,1095,1.034629376
HDFCBANK,2015-01-30,1095,1077.35,0.983881279
HDFCBANK,2015-02-02,1077.35,1081.6,1.003944865
HDFCBANK,2015-02-03,1081.6,1064.1,0.983820266
HDFCBANK,2015-02-04,1064.1,1067.7,1.003383141
HDFCBANK,2015-02-05,1067.7,1076.5,1.008242016
HDFCBANK,2015-02-06,1076.5,1053.5,0.978634464
HDFCBANK,2015-02-09,1053.5,1040.1,0.987280494
HDFCBANK,2015-02-10,1040.1,1054.45,1.01379675
HDFCBANK,2015-02-11,1054.45,1058.4,1.003746029
HDFCBANK,2015-02-12,1058.4,1076,1.016628874
HDFCBANK,2015-02-13,1076,1065.8,0.990520446
HDFCBANK,2015-02-16,1065.8,1067.55,1.001641959
HDFCBANK,2015-02-18,1067.55,1074.8,1.006791251
HDFCBANK,2015-02-19,1074.8,1079.8,1.004652028
HDFCBANK,2015-02-20,1079.8,1073.05,0.993748842
HDFCBANK,2015-02-23,1073.05,1067.5,0.994827827
HDFCBANK,2015-02-24,1067.5,1067.65,1.000140515
HDFCBANK,2015-02-25,1067.65,1052.45,0.985763125
HDFCBANK,2015-02-26,1052.45,1038.15,0.986412656
HDFCBANK,2015-02-27,1038.15,1054,1.015267543
HDFCBANK,2015-02-28,1054,1071.2,1.016318786
HDFCBANK,2015-03-02,1071.2,1082.55,1.010595594
HDFCBANK,2015-03-03,1082.55,1083.35,1.000738996
HDFCBANK,2015-03-04,1083.35,1065.3,0.983338718
HDFCBANK,2015-03-05,1065.3,1085.1,1.018586314
HDFCBANK,2015-03-09,1085.1,1059,0.975946917
HDFCBANK,2015-03-10,1059,1052.55,0.993909348
HDFCBANK,2015-03-11,1052.55,1056.45,1.003705287
HDFCBANK,2015-03-12,1056.45,1054.6,0.998248852
HDFCBANK,2015-03-13,1054.6,1042.65,0.98866869
HDFCBANK,2015-03-16,1042.65,1051.55,1.008535942
HDFCBANK,2015-03-17,1051.55,1058.05,1.006181351
HDFCBANK,2015-03-18,1058.05,1063.55,1.005198242
HDFCBANK,2015-03-19,1063.55,1052.2,0.989328193
HDFCBANK,2015-03-20,1052.2,1055.9,1.003516442
HDFCBANK,2015-03-23,1055.9,1047.75,0.992281466
HDFCBANK,2015-03-24,1047.75,1037.95,0.990646624
HDFCBANK,2015-03-25,1037.95,1034.25,0.996435281
HDFCBANK,2015-03-26,1034.25,1006.95,0.973604061
HDFCBANK,2015-03-27,1006.95,1014.65,1.007646854
HDFCBANK,2015-03-30,1014.65,1036.9,1.021928744
HDFCBANK,2015-03-31,1036.9,1022.7,0.986305333
HDFCBANK,2015-04-01,1022.7,1033.25,1.010315831
HDFCBANK,2015-04-06,1033.25,1031.95,0.998741834
HDFCBANK,2015-04-07,1031.95,1032.75,1.000775231
HDFCBANK,2015-04-08,1032.75,1035.55,1.002711208
HDFCBANK,2015-04-09,1035.55,1056.1,1.019844527
HDFCBANK,2015-04-10,1056.1,1042.65,0.987264464
HDFCBANK,2015-04-13,1042.65,1038.8,0.996307486
HDFCBANK,2015-04-15,1038.8,1031.65,0.993117058
HDFCBANK,2015-04-16,1031.65,1029.65,0.998061358
HDFCBANK,2015-04-17,1029.65,1018.25,0.988928277
HDFCBANK,2015-04-20,1018.25,1005.1,0.987085686
HDFCBANK,2015-04-21,1005.1,1003,0.997910656
HDFCBANK,2015-04-22,1003,1013.1,1.010069791
HDFCBANK,2015-04-23,1013.1,1013.5,1.000394828
HDFCBANK,2015-04-24,1013.5,1006.45,0.993043907
HDFCBANK,2015-04-27,1006.45,1005.45,0.999006409
HDFCBANK,2015-04-28,1005.45,1004.55,0.999104878
HDFCBANK,2015-04-29,1004.55,993.15,0.988651635
HDFCBANK,2015-04-30,993.15,988.8,0.995619997
HDFCBANK,2015-05-04,988.8,1000.95,1.012287621
HDFCBANK,2015-05-05,1000.95,987.65,0.986712623
HDFCBANK,2015-05-06,987.65,970.6,0.982736799
HDFCBANK,2015-05-07,970.6,951.3,0.980115393
HDFCBANK,2015-05-08,951.3,982,1.032271628
HDFCBANK,2015-05-11,982,990.3,1.008452138
HDFCBANK,2015-05-12,990.3,971.95,0.981470262
HDFCBANK,2015-05-13,971.95,990.25,1.018828129
HDFCBANK,2015-05-14,990.25,991.05,1.000807877
HDFCBANK,2015-05-15,991.05,990.1,0.999041421
HDFCBANK,2015-05-18,990.1,1009.85,1.01994748
HDFCBANK,2015-05-19,1009.85,1007.55,0.997722434
HDFCBANK,2015-05-20,1007.55,1024.05,1.016376358
HDFCBANK,2015-05-21,1024.05,1024.7,1.000634735
HDFCBANK,2015-05-22,1024.7,1024.3,0.999609642
HDFCBANK,2015-05-25,1024.3,1023.55,0.999267793
HDFCBANK,2015-05-26,1023.55,1027.4,1.003761419
HDFCBANK,2015-05-27,1027.4,1038.15,1.010463305
HDFCBANK,2015-05-28,1038.15,1029.4,0.991571546
HDFCBANK,2015-05-29,1029.4,1050.55,1.020545949
HDFCBANK,2015-06-01,1050.55,1036.2,0.986340488
HDFCBANK,2015-06-02,1036.2,1008.8,0.973557228
HDFCBANK,2015-06-03,1008.8,1005.55,0.996778351
HDFCBANK,2015-06-04,1005.55,1014.95,1.009348118
HDFCBANK,2015-06-05,1014.95,1011.75,0.996847135
HDFCBANK,2015-06-08,1011.75,1003.45,0.991796392
HDFCBANK,2015-06-09,1003.45,1001.85,0.998405501
HDFCBANK,2015-06-10,1001.85,1015.6,1.013724609
HDFCBANK,2015-06-11,1015.6,1000.2,0.98483655
HDFCBANK,2015-06-12,1000.2,1009.15,1.00894821
HDFCBANK,2015-06-15,1009.15,1005.2,0.996085815
HDFCBANK,2015-06-16,1005.2,1008.4,1.003183446
HDFCBANK,2015-06-17,1008.4,1004.7,0.996330821
HDFCBANK,2015-06-18,1004.7,1019.6,1.014830298
HDFCBANK,2015-06-19,1019.6,1030.5,1.010690467
HDFCBANK,2015-06-22,1030.5,1047.15,1.016157205
HDFCBANK,2015-06-23,1047.15,1052.1,1.004727116
HDFCBANK,2015-06-24,1052.1,1045.8,0.994011976
HDFCBANK,2015-06-25,1045.8,1065,1.018359151
HDFCBANK,2015-06-26,1065,1062.85,0.997981221
HDFCBANK,2015-06-29,1062.85,1056.65,0.994166627
HDFCBANK,2015-06-30,1056.65,1067.15,1.009937065
HDFCBANK,2015-07-01,1067.15,1072.35,1.004872792
HDFCBANK,2015-07-02,1072.35,1058.2,0.986804681
HDFCBANK,2015-07-03,1058.2,1074.25,1.015167265
HDFCBANK,2015-07-06,1074.25,1083.5,1.008610659
HDFCBANK,2015-07-07,1083.5,1086.85,1.003091832
HDFCBANK,2015-07-08,1086.85,1068.85,0.983438377
HDFCBANK,2015-07-09,1068.85,1074.05,1.004865042
HDFCBANK,2015-07-10,1074.05,1090.75,1.015548624
HDFCBANK,2015-07-13,1090.75,1096.15,1.004950722
HDFCBANK,2015-07-14,1096.15,1091.85,0.996077179
HDFCBANK,2015-07-15,1091.85,1096.7,1.004442002
HDFCBANK,2015-07-16,1096.7,1114.7,1.016412875
HDFCBANK,2015-07-17,1114.7,1110.55,0.996277025
HDFCBANK,2015-07-20,1110.55,1115.25,1.004232137
HDFCBANK,2015-07-21,1115.25,1098.05,0.984577449
HDFCBANK,2015-07-22,1098.05,1114.4,1.014890032
HDFCBANK,2015-07-23,1114.4,1107.9,0.994167265
HDFCBANK,2015-07-24,1107.9,1107.85,0.99995487
HDFCBANK,2015-07-27,1107.85,1095.85,0.989168209
HDFCBANK,2015-07-28,1095.85,1108.5,1.011543551
HDFCBANK,2015-07-29,1108.5,1108.35,0.999864682
HDFCBANK,2015-07-30,1108.35,1110.55,1.001984933
HDFCBANK,2015-07-31,1110.55,1111.65,1.0009905
HDFCBANK,2015-08-03,1111.65,1095.4,0.98538209
HDFCBANK,2015-08-04,1095.4,1086.45,0.991829469
HDFCBANK,2015-08-05,1086.45,1092.2,1.005292466
HDFCBANK,2015-08-06,1092.2,1095.95,1.003433437
HDFCBANK,2015-08-07,1095.95,1092.65,0.996988914
HDFCBANK,2015-08-10,1092.65,1094.65,1.001830412
HDFCBANK,2015-08-11,1094.65,1094.7,1.000045677
HDFCBANK,2015-08-12,1094.7,1070.45,0.977847812
HDFCBANK,2015-08-13,1070.45,1077.55,1.006632725
HDFCBANK,2015-08-14,1077.55,1101.8,1.022504756
HDFCBANK,2015-08-17,1101.8,1091.5,0.990651661
HDFCBANK,2015-08-18,1091.5,1086.35,0.995281722
HDFCBANK,2015-08-19,1086.35,1081.85,0.995857689
HDFCBANK,2015-08-20,1081.85,1074.7,0.993390951
HDFCBANK,2015-08-21,1074.7,1061.3,0.987531404
HDFCBANK,2015-08-24,1061.3,1019.05,0.960190333
HDFCBANK,2015-08-25,1019.05,1018.45,0.999411216
HDFCBANK,2015-08-26,1018.45,1013.5,0.995139673
HDFCBANK,2015-08-27,1013.5,1022.1,1.008485446
HDFCBANK,2015-08-28,1022.1,1027.95,1.00572351
HDFCBANK,2015-08-31,1027.95,1027.45,0.999513595
HDFCBANK,2015-09-01,1027.45,1000.1,0.9733807
HDFCBANK,2015-09-02,1000.1,995.15,0.995050495
HDFCBANK,2015-09-03,995.15,1010.3,1.015223836
HDFCBANK,2015-09-04,1010.3,996.05,0.985895279
HDFCBANK,2015-09-07,996.05,984.45,0.988353998
HDFCBANK,2015-09-08,984.45,1004.05,1.019909594
HDFCBANK,2015-09-09,1004.05,1016.3,1.012200588
HDFCBANK,2015-09-10,1016.3,1011,0.994785004
HDFCBANK,2015-09-11,1011,1010.5,0.99950544
HDFCBANK,2015-09-14,1010.5,1019.7,1.009104404
HDFCBANK,2015-09-15,1019.7,1013.15,0.993576542
HDFCBANK,2015-09-16,1013.15,1023.35,1.010067611
HDFCBANK,2015-09-18,1023.35,1049.75,1.025797625
HDFCBANK,2015-09-21,1049.75,1052.95,1.003048345
HDFCBANK,2015-09-22,1052.95,1030.65,0.978821407
HDFCBANK,2015-09-23,1030.65,1049.2,1.017998351
HDFCBANK,2015-09-24,1049.2,1051.4,1.002096836
HDFCBANK,2015-09-28,1051.4,1046.4,0.995244436
HDFCBANK,2015-09-29,1046.4,1064.8,1.017584098
HDFCBANK,2015-09-30,1064.8,1068.8,1.003756574
HDFCBANK,2015-10-01,1068.8,1067.65,0.998924027
HDFCBANK,2015-10-05,1067.65,1098.35,1.028754742
HDFCBANK,2015-10-06,1098.35,1085.95,0.988710338
HDFCBANK,2015-10-07,1085.95,1087.75,1.001657535
HDFCBANK,2015-10-08,1087.75,1083.1,0.995725121
HDFCBANK,2015-10-09,1083.1,1086.15,1.002815991
HDFCBANK,2015-10-12,1086.15,1080.55,0.994844174
HDFCBANK,2015-10-13,1080.55,1076.35,0.996113091
HDFCBANK,2015-10-14,1076.35,1084.75,1.007804153
HDFCBANK,2015-10-15,1084.75,1084.15,0.999446877
HDFCBANK,2015-10-16,1084.15,1100.05,1.014665867
HDFCBANK,2015-10-19,1100.05,1097.8,0.997954638
HDFCBANK,2015-10-20,1097.8,1094.9,0.997358353
HDFCBANK,2015-10-21,1094.9,1095,1.000091333
HDFCBANK,2015-10-23,1095,1108.5,1.012328767
HDFCBANK,2015-10-26,1108.5,1101.5,0.99368516
HDFCBANK,2015-10-27,1101.5,1110.9,1.008533818
HDFCBANK,2015-10-28,1110.9,1111.5,1.000540103
HDFCBANK,2015-10-29,1111.5,1103.55,0.992847503
HDFCBANK,2015-10-30,1103.55,1099.6,0.996420642
HDFCBANK,2015-11-02,1099.6,1083.1,0.984994543
HDFCBANK,2015-11-03,1083.1,1084.9,1.001661896
HDFCBANK,2015-11-04,1084.9,1081.7,0.997050419
HDFCBANK,2015-11-05,1081.7,1079.85,0.998289729
HDFCBANK,2015-11-06,1079.85,1080.9,1.000972357
HDFCBANK,2015-11-09,1080.9,1064.8,0.985105005
HDFCBANK,2015-11-10,1064.8,1054.6,0.990420736
HDFCBANK,2015-11-11,1054.6,1054.4,0.999810355
HDFCBANK,2015-11-13,1054.4,1052.05,0.997771244
HDFCBANK,2015-11-16,1052.05,1060.95,1.008459674
HDFCBANK,2015-11-17,1060.95,1060.8,0.999858617
HDFCBANK,2015-11-18,1060.8,1048.6,0.988499246
HDFCBANK,2015-11-19,1048.6,1068.9,1.019359146
HDFCBANK,2015-11-20,1068.9,1070.85,1.001824305
HDFCBANK,2015-11-23,1070.85,1066.05,0.995517579
HDFCBANK,2015-11-24,1066.05,1064.35,0.998405328
HDFCBANK,2015-11-26,1064.35,1063.95,0.999624184
HDFCBANK,2015-11-27,1063.95,1079.4,1.014521359
HDFCBANK,2015-11-30,1079.4,1077.75,0.998471373
HDFCBANK,2015-12-01,1077.75,1083,1.00487126
HDFCBANK,2015-12-02,1083,1077.8,0.995198523
HDFCBANK,2015-12-03,1077.8,1076.75,0.999025793
HDFCBANK,2015-12-04,1076.75,1058.9,0.983422336
HDFCBANK,2015-12-07,1058.9,1061.95,1.002880348
HDFCBANK,2015-12-08,1061.95,1049.25,0.988040868
HDFCBANK,2015-12-09,1049.25,1047.45,0.998284489
HDFCBANK,2015-12-10,1047.45,1060.6,1.012554299
HDFCBANK,2015-12-11,1060.6,1046.35,0.986564209
HDFCBANK,2015-12-14,1046.35,1055.05,1.008314617
HDFCBANK,2015-12-15,1055.05,1059.45,1.004170418
HDFCBANK,2015-12-16,1059.45,1067.3,1.007409505
HDFCBANK,2015-12-17,1067.3,1080.25,1.012133421
HDFCBANK,2015-12-18,1080.25,1073,0.993288591
HDFCBANK,2015-12-21,1073,1075.4,1.002236719
HDFCBANK,2015-12-22,1075.4,1066.45,0.991677515
HDFCBANK,2015-12-23,1066.45,1074.1,1.007173332
HDFCBANK,2015-12-24,1074.1,1074,0.999906899
HDFCBANK,2015-12-28,1074,1077.25,1.003026071
HDFCBANK,2015-12-29,1077.25,1077.95,1.000649803
HDFCBANK,2015-12-30,1077.95,1074.3,0.996613943
HDFCBANK,2015-12-31,1074.3,1082.15,1.007307084
HDFCBANK,2016-01-01,1082.15,1088.75,1.00609897
HDFCBANK,2016-01-04,1088.75,1070.5,0.983237658
HDFCBANK,2016-01-05,1070.5,1062.4,0.992433442
HDFCBANK,2016-01-06,1062.4,1067.1,1.004423946
HDFCBANK,2016-01-07,1067.1,1056.2,0.9897854
HDFCBANK,2016-01-08,1056.2,1062.35,1.005822761
HDFCBANK,2016-01-11,1062.35,1058.6,0.99647009
HDFCBANK,2016-01-12,1058.6,1046.95,0.988994899
HDFCBANK,2016-01-13,1046.95,1060.15,1.012608052
HDFCBANK,2016-01-14,1060.15,1049.75,0.990190067
HDFCBANK,2016-01-15,1049.75,1042.15,0.992760181
HDFCBANK,2016-01-18,1042.15,1025.85,0.984359257
HDFCBANK,2016-01-19,1025.85,1035.8,1.009699274
HDFCBANK,2016-01-20,1035.8,1018.3,0.983104846
HDFCBANK,2016-01-21,1018.3,1023,1.004615536
HDFCBANK,2016-01-22,1023,1030.3,1.007135875
HDFCBANK,2016-01-25,1030.3,1041.15,1.010530913
HDFCBANK,2016-01-27,1041.15,1035.65,0.99471738
HDFCBANK,2016-01-28,1035.65,1031.7,0.99618597
HDFCBANK,2016-01-29,1031.7,1049.85,1.017592323
HDFCBANK,2016-02-01,1049.85,1059.75,1.009429919
HDFCBANK,2016-02-02,1059.75,1053.8,0.994385468
HDFCBANK,2016-02-03,1053.8,1043.85,0.990557981
HDFCBANK,2016-02-04,1043.85,1049.2,1.005125257
HDFCBANK,2016-02-05,1049.2,1055.25,1.005766298
HDFCBANK,2016-02-08,1055.25,1035.85,0.981615731
HDFCBANK,2016-02-09,1035.85,1026.05,0.990539171
HDFCBANK,2016-02-10,1026.05,1012.95,0.987232591
HDFCBANK,2016-02-11,1012.95,975.3,0.962831334
HDFCBANK,2016-02-12,975.3,971.4,0.99600123
HDFCBANK,2016-02-15,971.4,973.6,1.002264772
HDFCBANK,2016-02-16,973.6,973.45,0.999845933
HDFCBANK,2016-02-17,973.45,974.9,1.001489547
HDFCBANK,2016-02-18,974.9,989.45,1.014924608
HDFCBANK,2016-02-19,989.45,989.3,0.999848401
HDFCBANK,2016-02-22,989.3,988.75,0.999444051
HDFCBANK,2016-02-23,988.75,970.05,0.981087231
HDFCBANK,2016-02-24,970.05,949.6,0.978918612
HDFCBANK,2016-02-25,949.6,942.65,0.992681129
HDFCBANK,2016-02-26,942.65,961,1.019466398
HDFCBANK,2016-02-29,961,971.85,1.011290323
HDFCBANK,2016-03-01,971.85,984.15,1.012656274
HDFCBANK,2016-03-02,984.15,1007.2,1.023421226
HDFCBANK,2016-03-03,1007.2,1015.85,1.008588165
HDFCBANK,2016-03-04,1015.85,1020.55,1.004626667
HDFCBANK,2016-03-08,1020.55,1014.15,0.993728872
HDFCBANK,2016-03-09,1014.15,1024.8,1.010501405
HDFCBANK,2016-03-10,1024.8,1021.25,0.996535909
HDFCBANK,2016-03-11,1021.25,1028.7,1.007294982
HDFCBANK,2016-03-14,1028.7,1027.55,0.998882084
HDFCBANK,2016-03-15,1027.55,1026.7,0.99917279
HDFCBANK,2016-03-16,1026.7,1030.45,1.003652479
HDFCBANK,2016-03-17,1030.45,1018.4,0.98830608
HDFCBANK,2016-03-18,1018.4,1028.4,1.009819324
HDFCBANK,2016-03-21,1028.4,1045.6,1.01672501
HDFCBANK,2016-03-22,1045.6,1053.85,1.007890207
HDFCBANK,2016-03-23,1053.85,1049.35,0.995729943
HDFCBANK,2016-03-28,1049.35,1047.5,0.998237004
HDFCBANK,2016-03-29,1047.5,1053.8,1.00601432
HDFCBANK,2016-03-30,1053.8,1064.95,1.010580755
HDFCBANK,2016-03-31,1064.95,1071.15,1.00582187
HDFCBANK,2016-04-01,1071.15,1064.45,0.99374504
HDFCBANK,2016-04-04,1064.45,1069.05,1.004321481
HDFCBANK,2016-04-05,1069.05,1057.45,0.989149245
HDFCBANK,2016-04-06,1057.45,1061.5,1.003829968
HDFCBANK,2016-04-07,1061.5,1055.5,0.994347621
HDFCBANK,2016-04-08,1055.5,1059.35,1.00364756
HDFCBANK,2016-04-11,1059.35,1070.95,1.010950111
HDFCBANK,2016-04-12,1070.95,1063,0.992576684
HDFCBANK,2016-04-13,1063,1081.75,1.017638758
HDFCBANK,2016-04-18,1081.75,1087.8,1.005592789
HDFCBANK,2016-04-20,1087.8,1097.85,1.009238831
HDFCBANK,2016-04-21,1097.85,1091.15,0.993897163
HDFCBANK,2016-04-22,1091.15,1092.15,1.000916464
HDFCBANK,2016-04-25,1092.15,1093.25,1.001007188
HDFCBANK,2016-04-26,1093.25,1113.85,1.0188429
HDFCBANK,2016-04-27,1113.85,1124.2,1.009292095
HDFCBANK,2016-04-28,1124.2,1113.95,0.990882405
HDFCBANK,2016-04-29,1113.95,1132.35,1.016517797
HDFCBANK,2016-05-02,1132.35,1117.65,0.987018148
HDFCBANK,2016-05-03,1117.65,1118,1.000313157
HDFCBANK,2016-05-04,1118,1127.35,1.008363148
HDFCBANK,2016-05-05,1127.35,1132.3,1.004390828
HDFCBANK,2016-05-06,1132.3,1119.65,0.988828049
HDFCBANK,2016-05-09,1119.65,1141.4,1.019425713
HDFCBANK,2016-05-10,1141.4,1144.9,1.00306641
HDFCBANK,2016-05-11,1144.9,1138.8,0.994672024
HDFCBANK,2016-05-12,1138.8,1149.1,1.009044608
HDFCBANK,2016-05-13,1149.1,1140.9,0.992863981
HDFCBANK,2016-05-16,1140.9,1162.8,1.019195372
HDFCBANK,2016-05-17,1162.8,1153.45,0.991959064
HDFCBANK,2016-05-18,1153.45,1140.65,0.988902857
HDFCBANK,2016-05-19,1140.65,1139.3,0.998816464
HDFCBANK,2016-05-20,1139.3,1140.9,1.001404371
HDFCBANK,2016-05-23,1140.9,1136.75,0.996362521
HDFCBANK,2016-05-24,1136.75,1139.95,1.002815043
HDFCBANK,2016-05-25,1139.95,1173.3,1.029255669
HDFCBANK,2016-05-26,1173.3,1183.25,1.008480355
HDFCBANK,2016-05-27,1183.25,1186.8,1.003000211
HDFCBANK,2016-05-30,1186.8,1179.75,0.994059656
HDFCBANK,2016-05-31,1179.75,1181.9,1.00182242
HDFCBANK,2016-06-01,1181.9,1175.15,0.994288857
HDFCBANK,2016-06-02,1175.15,1174.95,0.999829809
HDFCBANK,2016-06-03,1174.95,1171.75,0.99727648
HDFCBANK,2016-06-06,1171.75,1171.1,0.999445274
HDFCBANK,2016-06-07,1171.1,1173.7,1.002220135
HDFCBANK,2016-06-08,1173.7,1162.6,0.990542728
HDFCBANK,2016-06-09,1162.6,1159.4,0.997247549
HDFCBANK,2016-06-10,1159.4,1161.35,1.001681904
HDFCBANK,2016-06-13,1161.35,1152.9,0.992723985
HDFCBANK,2016-06-14,1152.9,1151.85,0.999089253
HDFCBANK,2016-06-15,1151.85,1169.55,1.015366584
HDFCBANK,2016-06-16,1169.55,1162.15,0.99367278
HDFCBANK,2016-06-17,1162.15,1170,1.006754722
HDFCBANK,2016-06-20,1170,1172.05,1.001752137
HDFCBANK,2016-06-21,1172.05,1166.65,0.995392688
HDFCBANK,2016-06-22,1166.65,1171.5,1.004157202
HDFCBANK,2016-06-23,1171.5,1190.1,1.015877081
HDFCBANK,2016-06-24,1190.1,1161.9,0.976304512
HDFCBANK,2016-06-27,1161.9,1159.95,0.998321714
HDFCBANK,2016-06-28,1159.95,1166.95,1.006034743
HDFCBANK,2016-06-29,1166.95,1168.3,1.001156862
HDFCBANK,2016-06-30,1168.3,1176.45,1.006975948
HDFCBANK,2016-07-01,1176.45,1174.5,0.998342471
HDFCBANK,2016-07-04,1174.5,1172.8,0.998552576
HDFCBANK,2016-07-05,1172.8,1165.6,0.993860846
HDFCBANK,2016-07-07,1165.6,1185.65,1.017201441
HDFCBANK,2016-07-08,1185.65,1174.85,0.990891072
HDFCBANK,2016-07-11,1174.85,1199.75,1.021194195
HDFCBANK,2016-07-12,1199.75,1202.15,1.002000417
HDFCBANK,2016-07-13,1202.15,1197.75,0.996339891
HDFCBANK,2016-07-14,1197.75,1200.35,1.002170737
HDFCBANK,2016-07-15,1200.35,1223.7,1.01945266
HDFCBANK,2016-07-18,1223.7,1227.45,1.003064477
HDFCBANK,2016-07-19,1227.45,1218.35,0.992586256
HDFCBANK,2016-07-20,1218.35,1232.2,1.011367834
HDFCBANK,2016-07-21,1232.2,1228.6,0.997078396
HDFCBANK,2016-07-22,1228.6,1230.8,1.001790656
HDFCBANK,2016-07-25,1230.8,1246.95,1.013121547
HDFCBANK,2016-07-26,1246.95,1238.8,0.993464052
HDFCBANK,2016-07-27,1238.8,1236.95,0.998506619
HDFCBANK,2016-07-28,1236.95,1248.45,1.009297061
HDFCBANK,2016-07-29,1248.45,1246.2,0.998197765
HDFCBANK,2016-08-01,1246.2,1242.3,0.996870486
HDFCBANK,2016-08-02,1242.3,1243.3,1.000804959
HDFCBANK,2016-08-03,1243.3,1240.45,0.997707713
HDFCBANK,2016-08-04,1240.45,1241,1.000443387
HDFCBANK,2016-08-05,1241,1249.25,1.006647865
HDFCBANK,2016-08-08,1249.25,1249.6,1.000280168
HDFCBANK,2016-08-09,1249.6,1247.2,0.998079385
HDFCBANK,2016-08-10,1247.2,1226.9,0.983723541
HDFCBANK,2016-08-11,1226.9,1228.25,1.001100334
HDFCBANK,2016-08-12,1228.25,1228.7,1.000366375
HDFCBANK,2016-08-16,1228.7,1227.3,0.998860584
HDFCBANK,2016-08-17,1227.3,1234.9,1.006192455
HDFCBANK,2016-08-18,1234.9,1252.5,1.014252166
HDFCBANK,2016-08-19,1252.5,1247.1,0.995688623
HDFCBANK,2016-08-22,1247.1,1250.3,1.002565953
HDFCBANK,2016-08-23,1250.3,1251.45,1.000919779
HDFCBANK,2016-08-24,1251.45,1261.8,1.008270406
HDFCBANK,2016-08-25,1261.8,1258.55,0.997424314
HDFCBANK,2016-08-26,1258.55,1257.1,0.99884788
HDFCBANK,2016-08-29,1257.1,1238.1,0.984885848
HDFCBANK,2016-08-30,1238.1,1268.65,1.024674905
HDFCBANK,2016-08-31,1268.65,1291.2,1.0177748
HDFCBANK,2016-09-01,1291.2,1283.7,0.99419145
HDFCBANK,2016-09-02,1283.7,1285.1,1.001090597
HDFCBANK,2016-09-06,1285.1,1300.4,1.011905688
HDFCBANK,2016-09-07,1300.4,1286.75,0.98950323
HDFCBANK,2016-09-08,1286.75,1289.4,1.002059452
HDFCBANK,2016-09-09,1289.4,1290.4,1.000775555
HDFCBANK,2016-09-12,1290.4,1279.9,0.991862988
HDFCBANK,2016-09-14,1279.9,1269.45,0.9918353
HDFCBANK,2016-09-15,1269.45,1279.6,1.007995589
HDFCBANK,2016-09-16,1279.6,1297.85,1.014262269
HDFCBANK,2016-09-19,1297.85,1290.15,0.994067111
HDFCBANK,2016-09-20,1290.15,1288.45,0.998682324
HDFCBANK,2016-09-21,1288.45,1293,1.003531375
HDFCBANK,2016-09-22,1293,1306.9,1.010750193
HDFCBANK,2016-09-23,1306.9,1312.7,1.004437983
HDFCBANK,2016-09-26,1312.7,1296.15,0.987392397
HDFCBANK,2016-09-27,1296.15,1298.05,1.00146588
HDFCBANK,2016-09-28,1298.05,1295.25,0.997842918
HDFCBANK,2016-09-29,1295.25,1277.5,0.986296082
HDFCBANK,2016-09-30,1277.5,1272.85,0.996360078
HDFCBANK,2016-10-03,1272.85,1287.2,1.011273913
HDFCBANK,2016-10-04,1287.2,1289.55,1.001825668
HDFCBANK,2016-10-05,1289.55,1286.1,0.997324648
HDFCBANK,2016-10-06,1286.1,1281.95,0.99677319
HDFCBANK,2016-10-07,1281.95,1280.6,0.998946917
HDFCBANK,2016-10-10,1280.6,1284.35,1.002928315
HDFCBANK,2016-10-13,1284.35,1262.75,0.983182154
HDFCBANK,2016-10-14,1262.75,1261.8,0.999247674
HDFCBANK,2016-10-17,1261.8,1237.7,0.980900301
HDFCBANK,2016-10-18,1237.7,1257.85,1.016280197
HDFCBANK,2016-10-19,1257.85,1258.35,1.000397504
HDFCBANK,2016-10-20,1258.35,1255.5,0.997735129
HDFCBANK,2016-10-21,1255.5,1270.7,1.01210673
HDFCBANK,2016-10-24,1270.7,1263.55,0.99437318
HDFCBANK,2016-10-25,1263.55,1250.3,0.989513672
HDFCBANK,2016-10-26,1250.3,1239.3,0.991202111
HDFCBANK,2016-10-27,1239.3,1252.1,1.010328411
HDFCBANK,2016-10-28,1252.1,1259.05,1.005550675
HDFCBANK,2016-10-30,1259.05,1253.3,0.995433065
HDFCBANK,2016-11-01,1253.3,1259.8,1.005186308
HDFCBANK,2016-11-02,1259.8,1246.15,0.989164947
HDFCBANK,2016-11-03,1246.15,1254.95,1.00706175
HDFCBANK,2016-11-04,1254.95,1243.7,0.991035499
HDFCBANK,2016-11-07,1243.7,1249.45,1.004623301
HDFCBANK,2016-11-08,1249.45,1254.3,1.003881708
HDFCBANK,2016-11-09,1254.3,1251.25,0.997568365
HDFCBANK,2016-11-10,1251.25,1278.55,1.021818182
HDFCBANK,2016-11-11,1278.55,1275.8,0.997849126
HDFCBANK,2016-11-15,1275.8,1254.75,0.983500549
HDFCBANK,2016-11-16,1254.75,1244.35,0.991711496
HDFCBANK,2016-11-17,1244.35,1230.2,0.988628601
HDFCBANK,2016-11-18,1230.2,1211.4,0.984717932
HDFCBANK,2016-11-21,1211.4,1198.7,0.989516262
HDFCBANK,2016-11-22,1198.7,1198.05,0.999457746
HDFCBANK,2016-11-23,1198.05,1184.75,0.988898627
HDFCBANK,2016-11-24,1184.75,1165.5,0.983751846
HDFCBANK,2016-11-25,1165.5,1189.3,1.02042042
HDFCBANK,2016-11-28,1189.3,1184.45,0.995921971
HDFCBANK,2016-11-29,1184.45,1178.75,0.99518764
HDFCBANK,2016-11-30,1178.75,1199.6,1.017688229
HDFCBANK,2016-12-01,1199.6,1197.25,0.998041014
HDFCBANK,2016-12-02,1197.25,1189.1,0.993192733
HDFCBANK,2016-12-05,1189.1,1196.35,1.006097048
HDFCBANK,2016-12-06,1196.35,1194.45,0.998411836
HDFCBANK,2016-12-07,1194.45,1181.6,0.989241911
HDFCBANK,2016-12-08,1181.6,1199.5,1.015148951
HDFCBANK,2016-12-09,1199.5,1198.3,0.998999583
HDFCBANK,2016-12-12,1198.3,1184.45,0.988441959
HDFCBANK,2016-12-13,1184.45,1186.25,1.001519693
HDFCBANK,2016-12-14,1186.25,1175.7,0.991106428
HDFCBANK,2016-12-15,1175.7,1176.6,1.000765501
HDFCBANK,2016-12-16,1176.6,1182.3,1.004844467
HDFCBANK,2016-12-19,1182.3,1176.75,0.99530576
HDFCBANK,2016-12-20,1176.75,1181.9,1.004376461
HDFCBANK,2016-12-21,1181.9,1180,0.998392419
HDFCBANK,2016-12-22,1180,1173.1,0.994152542
HDFCBANK,2016-12-23,1173.1,1186.25,1.011209616
HDFCBANK,2016-12-26,1186.25,1175,0.990516333
HDFCBANK,2016-12-27,1175,1185.2,1.008680851
HDFCBANK,2016-12-28,1185.2,1186.75,1.001307796
HDFCBANK,2016-12-29,1186.75,1205.2,1.015546661
HDFCBANK,2016-12-30,1205.2,1206.2,1.000829738
HDFCBANK,2017-01-02,1206.2,1197.1,0.992455646
HDFCBANK,2017-01-03,1197.1,1189.9,0.993985465
HDFCBANK,2017-01-04,1189.9,1185.5,0.99630221
HDFCBANK,2017-01-05,1185.5,1186.2,1.000590468
HDFCBANK,2017-01-06,1186.2,1193.65,1.00628056
HDFCBANK,2017-01-09,1193.65,1195.2,1.001298538
HDFCBANK,2017-01-10,1195.2,1214.35,1.016022423
HDFCBANK,2017-01-11,1214.35,1234,1.016181496
HDFCBANK,2017-01-12,1234,1235,1.000810373
HDFCBANK,2017-01-13,1235,1232.5,0.997975709
HDFCBANK,2017-01-16,1232.5,1247.65,1.012292089
HDFCBANK,2017-01-17,1247.65,1238.5,0.992666212
HDFCBANK,2017-01-18,1238.5,1242.6,1.003310456
HDFCBANK,2017-01-19,1242.6,1236.3,0.994929986
HDFCBANK,2017-01-20,1236.3,1236.35,1.000040443
HDFCBANK,2017-01-23,1236.35,1244.65,1.006713309
HDFCBANK,2017-01-24,1244.65,1267.55,1.018398747
HDFCBANK,2017-01-25,1267.55,1290.6,1.018184687
HDFCBANK,2017-01-27,1290.6,1291.9,1.001007283
HDFCBANK,2017-01-30,1291.9,1284.95,0.994620327
HDFCBANK,2017-01-31,1284.95,1286.65,1.001323009
HDFCBANK,2017-02-01,1286.65,1305.7,1.014805891
HDFCBANK,2017-02-02,1305.7,1298.7,0.994638891
HDFCBANK,2017-02-03,1298.7,1311.05,1.00950951
HDFCBANK,2017-02-06,1311.05,1314.1,1.00232638
HDFCBANK,2017-02-07,1314.1,1307.15,0.994711209
HDFCBANK,2017-02-08,1307.15,1305.65,0.998852465
HDFCBANK,2017-02-09,1305.65,1297.65,0.993872784
HDFCBANK,2017-02-10,1297.65,1303.6,1.004585212
HDFCBANK,2017-02-13,1303.6,1310.2,1.005062903
HDFCBANK,2017-02-14,1310.2,1311.1,1.000686918
HDFCBANK,2017-02-15,1311.1,1322.2,1.008466173
HDFCBANK,2017-02-16,1322.2,1327.9,1.004310997
HDFCBANK,2017-02-17,1327.9,1377.05,1.037013329
HDFCBANK,2017-02-20,1377.05,1409.1,1.023274391
HDFCBANK,2017-02-21,1409.1,1415.55,1.00457739
HDFCBANK,2017-02-22,1415.55,1399.15,0.988414397
HDFCBANK,2017-02-23,1399.15,1394.3,0.99653361
HDFCBANK,2017-02-27,1394.3,1393.6,0.999497956
HDFCBANK,2017-02-28,1393.6,1390.1,0.997488519
HDFCBANK,2017-03-01,1390.1,1391.65,1.001115028
HDFCBANK,2017-03-02,1391.65,1380.1,0.991700499
HDFCBANK,2017-03-03,1380.1,1377,0.997753786
HDFCBANK,2017-03-06,1377,1380.75,1.002723312
HDFCBANK,2017-03-07,1380.75,1386.2,1.00394713
HDFCBANK,2017-03-08,1386.2,1392.2,1.00432838
HDFCBANK,2017-03-09,1392.2,1394.2,1.001436575
HDFCBANK,2017-03-10,1394.2,1400.1,1.004231818
HDFCBANK,2017-03-14,1400.1,1410.7,1.007570888
HDFCBANK,2017-03-15,1410.7,1416.6,1.004182321
HDFCBANK,2017-03-16,1416.6,1417.35,1.000529437
HDFCBANK,2017-03-17,1417.35,1425.85,1.005997107
HDFCBANK,2017-03-20,1425.85,1436.1,1.007188694
HDFCBANK,2017-03-21,1436.1,1440.95,1.003377202
HDFCBANK,2017-03-22,1440.95,1430.9,0.993025435
HDFCBANK,2017-03-23,1430.9,1430.9,1
HDFCBANK,2017-03-24,1430.9,1424.35,0.995422461
HDFCBANK,2017-03-27,1424.35,1409.85,0.989819918
HDFCBANK,2017-03-28,1409.85,1420.2,1.007341207
HDFCBANK,2017-03-29,1420.2,1428.6,1.00591466
HDFCBANK,2017-03-30,1428.6,1466.2,1.026319474
HDFCBANK,2017-03-31,1466.2,1442.55,0.983869868
HDFCBANK,2017-04-03,1442.55,1433.2,0.993518422
HDFCBANK,2017-04-05,1433.2,1432.35,0.999406922
HDFCBANK,2017-04-06,1432.35,1438.5,1.004293643
HDFCBANK,2017-04-07,1438.5,1438.85,1.000243309
HDFCBANK,2017-04-10,1438.85,1434.15,0.996733502
HDFCBANK,2017-04-11,1434.15,1439.5,1.003730433
HDFCBANK,2017-04-12,1439.5,1443.7,1.00291768
HDFCBANK,2017-04-13,1443.7,1440.3,0.99764494
HDFCBANK,2017-04-17,1440.3,1436.8,0.997569951
HDFCBANK,2017-04-18,1436.8,1447.3,1.007307906
HDFCBANK,2017-04-19,1447.3,1449,1.001174601
HDFCBANK,2017-04-20,1449,1462.15,1.009075224
HDFCBANK,2017-04-21,1462.15,1496.6,1.023561194
HDFCBANK,2017-04-24,1496.6,1533.05,1.024355205
HDFCBANK,2017-04-25,1533.05,1537.05,1.002609178
HDFCBANK,2017-04-26,1537.05,1550.65,1.008848118
HDFCBANK,2017-04-27,1550.65,1568.6,1.011575791
HDFCBANK,2017-04-28,1568.6,1546.5,0.985911003
HDFCBANK,2017-05-02,1546.5,1540.6,0.996184934
HDFCBANK,2017-05-03,1540.6,1544.3,1.002401662
HDFCBANK,2017-05-04,1544.3,1534.8,0.993848346
HDFCBANK,2017-05-05,1534.8,1532.2,0.998305968
HDFCBANK,2017-05-08,1532.2,1534.8,1.001696906
HDFCBANK,2017-05-09,1534.8,1535.75,1.000618973
HDFCBANK,2017-05-10,1535.75,1551.8,1.01045092
HDFCBANK,2017-05-11,1551.8,1546.4,0.99652017
HDFCBANK,2017-05-12,1546.4,1551.65,1.003394982
HDFCBANK,2017-05-15,1551.65,1553.4,1.001127832
HDFCBANK,2017-05-16,1553.4,1559.65,1.004023432
HDFCBANK,2017-05-17,1559.65,1557.15,0.998397076
HDFCBANK,2017-05-18,1557.15,1557.1,0.99996789
HDFCBANK,2017-05-19,1557.1,1561.25,1.002665211
HDFCBANK,2017-05-22,1561.25,1576,1.009447558
HDFCBANK,2017-05-23,1576,1569.1,0.995621827
HDFCBANK,2017-05-24,1569.1,1566.75,0.998502326
HDFCBANK,2017-05-25,1566.75,1617.15,1.032168502
HDFCBANK,2017-05-26,1617.15,1626,1.005472591
HDFCBANK,2017-05-29,1626,1631.9,1.003628536
HDFCBANK,2017-05-30,1631.9,1629.05,0.998253569
HDFCBANK,2017-05-31,1629.05,1636.2,1.004389061
HDFCBANK,2017-06-01,1636.2,1628.6,0.995355091
HDFCBANK,2017-06-02,1628.6,1634.25,1.003469237
HDFCBANK,2017-06-05,1634.25,1635.55,1.000795472
HDFCBANK,2017-06-06,1635.55,1638.95,1.002078811
HDFCBANK,2017-06-07,1638.95,1640.8,1.001128771
HDFCBANK,2017-06-08,1640.8,1644.75,1.002407362
HDFCBANK,2017-06-09,1644.75,1666.8,1.013406293
HDFCBANK,2017-06-12,1666.8,1668.75,1.001169906
HDFCBANK,2017-06-13,1668.75,1676.7,1.004764045
HDFCBANK,2017-06-14,1676.7,1671.2,0.996719747
HDFCBANK,2017-06-15,1671.2,1664.35,0.995901149
HDFCBANK,2017-06-16,1664.35,1669.25,1.002944092
HDFCBANK,2017-06-19,1669.25,1692.9,1.01416804
HDFCBANK,2017-06-20,1692.9,1686.55,0.99624904
HDFCBANK,2017-06-21,1686.55,1698.7,1.007204056
HDFCBANK,2017-06-22,1698.7,1698,0.99958792
HDFCBANK,2017-06-23,1698,1678.65,0.98860424
HDFCBANK,2017-06-27,1678.65,1667.65,0.993447115
HDFCBANK,2017-06-28,1667.65,1666.45,0.999280425
HDFCBANK,2017-06-29,1666.45,1663.05,0.997959735
HDFCBANK,2017-06-30,1663.05,1652.05,0.993385647
HDFCBANK,2017-07-03,1652.05,1658.6,1.003964771
HDFCBANK,2017-07-04,1658.6,1653.35,0.99683468
HDFCBANK,2017-07-05,1653.35,1648.75,0.99721777
HDFCBANK,2017-07-06,1648.75,1658.15,1.005701289
HDFCBANK,2017-07-07,1658.15,1667.2,1.00545789
HDFCBANK,2017-07-10,1667.2,1676.35,1.005488244
HDFCBANK,2017-07-11,1676.35,1680.4,1.002415963
HDFCBANK,2017-07-12,1680.4,1681.25,1.000505832
HDFCBANK,2017-07-13,1681.25,1683.55,1.00136803
HDFCBANK,2017-07-14,1683.55,1679.95,0.997861661
HDFCBANK,2017-07-17,1679.95,1682.35,1.001428614
HDFCBANK,2017-07-18,1682.35,1683.55,1.000713288
HDFCBANK,2017-07-19,1683.55,1692.3,1.005197351
HDFCBANK,2017-07-20,1692.3,1710.9,1.010990959
HDFCBANK,2017-07-21,1710.9,1703.05,0.995411772
HDFCBANK,2017-07-24,1703.05,1735.1,1.018819177
HDFCBANK,2017-07-25,1735.1,1739.65,1.002622327
HDFCBANK,2017-07-26,1739.65,1747.55,1.004541143
HDFCBANK,2017-07-27,1747.55,1789.65,1.02409087
HDFCBANK,2017-07-28,1789.65,1778.5,0.993769732
HDFCBANK,2017-07-31,1778.5,1784.4,1.003317402
HDFCBANK,2017-08-01,1784.4,1797.2,1.00717328
HDFCBANK,2017-08-02,1797.2,1791.65,0.996911863
HDFCBANK,2017-08-03,1791.65,1779.95,0.993469707
HDFCBANK,2017-08-04,1779.95,1790.25,1.005786679
HDFCBANK,2017-08-07,1790.25,1788.55,0.999050412
HDFCBANK,2017-08-08,1788.55,1777.9,0.994045456
HDFCBANK,2017-08-09,1777.9,1764.45,0.992434895
HDFCBANK,2017-08-10,1764.45,1760.45,0.997733005
HDFCBANK,2017-08-11,1760.45,1749.05,0.993524383
HDFCBANK,2017-08-14,1749.05,1757.2,1.004659672
HDFCBANK,2017-08-16,1757.2,1781.25,1.013686547
HDFCBANK,2017-08-17,1781.25,1765.4,0.991101754
HDFCBANK,2017-08-18,1765.4,1752.15,0.992494619
HDFCBANK,2017-08-21,1752.15,1743.2,0.99489199
HDFCBANK,2017-08-22,1743.2,1747,1.002179899
HDFCBANK,2017-08-23,1747,1772.45,1.014567831
HDFCBANK,2017-08-24,1772.45,1762.5,0.994386301
HDFCBANK,2017-08-28,1762.5,1762.25,0.999858156
HDFCBANK,2017-08-29,1762.25,1746.15,0.990863952
HDFCBANK,2017-08-30,1746.15,1768.55,1.012828222
HDFCBANK,2017-08-31,1768.55,1776.45,1.004466936
HDFCBANK,2017-09-01,1776.45,1767.6,0.995018154
HDFCBANK,2017-09-04,1767.6,1750.9,0.990552161
HDFCBANK,2017-09-05,1750.9,1755.35,1.00254155
HDFCBANK,2017-09-06,1755.35,1759.9,1.002592076
HDFCBANK,2017-09-07,1759.9,1766.55,1.003778624
HDFCBANK,2017-09-08,1766.55,1787.65,1.011944185
HDFCBANK,2017-09-11,1787.65,1823.35,1.019970352
HDFCBANK,2017-09-12,1823.35,1835.2,1.006499027
HDFCBANK,2017-09-13,1835.2,1841.85,1.003623583
HDFCBANK,2017-09-14,1841.85,1839.4,0.998669816
HDFCBANK,2017-09-15,1839.4,1848.95,1.00519191
HDFCBANK,2017-09-18,1848.95,1860.45,1.006219746
HDFCBANK,2017-09-19,1860.45,1849.7,0.994221828
HDFCBANK,2017-09-20,1849.7,1848.85,0.999540466
HDFCBANK,2017-09-21,1848.85,1839.1,0.994726452
HDFCBANK,2017-09-22,1839.1,1824.1,0.991843837
HDFCBANK,2017-09-25,1824.1,1799.75,0.986650951
HDFCBANK,2017-09-26,1799.75,1792.3,0.995860536
HDFCBANK,2017-09-27,1792.3,1776.5,0.991184512
HDFCBANK,2017-09-28,1776.5,1795.3,1.010582606
HDFCBANK,2017-09-29,1795.3,1805.7,1.005792904
HDFCBANK,2017-10-03,1805.7,1808.85,1.001744476
HDFCBANK,2017-10-04,1808.85,1797,0.993448876
HDFCBANK,2017-10-05,1797,1798.6,1.000890373
HDFCBANK,2017-10-06,1798.6,1800.1,1.000833982
HDFCBANK,2017-10-09,1800.1,1795.5,0.997444586
HDFCBANK,2017-10-10,1795.5,1802.7,1.004010025
HDFCBANK,2017-10-11,1802.7,1790.15,0.99303822
HDFCBANK,2017-10-12,1790.15,1818.8,1.016004245
HDFCBANK,2017-10-13,1818.8,1850.8,1.017594018
HDFCBANK,2017-10-16,1850.8,1857.15,1.003430949
HDFCBANK,2017-10-17,1857.15,1851.25,0.996823089
HDFCBANK,2017-10-18,1851.25,1868.5,1.009318028
HDFCBANK,2017-10-19,1868.5,1848.4,0.989242708
HDFCBANK,2017-10-23,1848.4,1863.3,1.008061026
HDFCBANK,2017-10-24,1863.3,1867.1,1.002039392
HDFCBANK,2017-10-25,1867.1,1795.1,0.961437523
HDFCBANK,2017-10-26,1795.1,1795.35,1.000139268
HDFCBANK,2017-10-27,1795.35,1791.05,0.997604924
HDFCBANK,2017-10-30,1791.05,1815,1.013372044
HDFCBANK,2017-10-31,1815,1808.5,0.996418733
HDFCBANK,2017-11-01,1808.5,1821.2,1.007022394
HDFCBANK,2017-11-02,1821.2,1822.1,1.00049418
HDFCBANK,2017-11-03,1822.1,1830.7,1.004719829
HDFCBANK,2017-11-06,1830.7,1828.6,0.998852898
HDFCBANK,2017-11-07,1828.6,1823.7,0.997320354
HDFCBANK,2017-11-08,1823.7,1825.95,1.001233756
HDFCBANK,2017-11-09,1825.95,1827.85,1.001040554
HDFCBANK,2017-11-10,1827.85,1822,0.996799519
HDFCBANK,2017-11-13,1822,1813.55,0.995362239
HDFCBANK,2017-11-14,1813.55,1802.35,0.993824267
HDFCBANK,2017-11-15,1802.35,1800.25,0.998834854
HDFCBANK,2017-11-16,1800.25,1807.7,1.004138314
HDFCBANK,2017-11-17,1807.7,1825.55,1.009874426
HDFCBANK,2017-11-20,1825.55,1838.15,1.00690203
HDFCBANK,2017-11-21,1838.15,1846.25,1.004406604
HDFCBANK,2017-11-22,1846.25,1855.25,1.004874746
HDFCBANK,2017-11-23,1855.25,1842.85,0.993316265
HDFCBANK,2017-11-24,1842.85,1851.4,1.004639553
HDFCBANK,2017-11-27,1851.4,1857.55,1.003321811
HDFCBANK,2017-11-28,1857.55,1865.35,1.004199079
HDFCBANK,2017-11-29,1865.35,1873.3,1.004261935
HDFCBANK,2017-11-30,1873.3,1853.7,0.98953718
HDFCBANK,2017-12-01,1853.7,1848.2,0.997032961
HDFCBANK,2017-12-04,1848.2,1834.1,0.992370956
HDFCBANK,2017-12-05,1834.1,1820.45,0.992557658
HDFCBANK,2017-12-06,1820.45,1803.3,0.990579252
HDFCBANK,2017-12-07,1803.3,1809.65,1.003521322
HDFCBANK,2017-12-08,1809.65,1840.4,1.016992236
HDFCBANK,2017-12-11,1840.4,1846.4,1.003260161
HDFCBANK,2017-12-12,1846.4,1819.9,0.985647747
HDFCBANK,2017-12-13,1819.9,1821.35,1.000796747
HDFCBANK,2017-12-14,1821.35,1838.05,1.009169023
HDFCBANK,2017-12-15,1838.05,1873.45,1.019259541
HDFCBANK,2017-12-18,1873.45,1878.95,1.00293576
HDFCBANK,2017-12-19,1878.95,1884.5,1.002953777
HDFCBANK,2017-12-20,1884.5,1868.15,0.991323959
HDFCBANK,2017-12-21,1868.15,1868.3,1.000080293
HDFCBANK,2017-12-22,1868.3,1876.65,1.004469304
HDFCBANK,2017-12-26,1876.65,1868.35,0.995577225
HDFCBANK,2017-12-27,1868.35,1856.75,0.993791313
HDFCBANK,2017-12-28,1856.75,1878.05,1.011471657
HDFCBANK,2017-12-29,1878.05,1872.4,0.99699156
HDFCBANK,2018-01-01,1872.4,1854.5,0.990440077
HDFCBANK,2018-01-02,1854.5,1872.35,1.009625236
HDFCBANK,2018-01-03,1872.35,1852.65,0.989478463
HDFCBANK,2018-01-04,1852.65,1859.9,1.003913313
HDFCBANK,2018-01-05,1859.9,1863.6,1.001989354
HDFCBANK,2018-01-08,1863.6,1860.6,0.998390212
HDFCBANK,2018-01-09,1860.6,1863.7,1.001666129
HDFCBANK,2018-01-10,1863.7,1864.2,1.000268284
HDFCBANK,2018-01-11,1864.2,1872.55,1.004479133
HDFCBANK,2018-01-12,1872.55,1865.3,0.996128274
HDFCBANK,2018-01-15,1865.3,1897.75,1.017396665
HDFCBANK,2018-01-16,1897.75,1900.15,1.001264656
HDFCBANK,2018-01-17,1900.15,1890.5,0.994921454
HDFCBANK,2018-01-18,1890.5,1934.3,1.023168474
HDFCBANK,2018-01-19,1934.3,1952.2,1.009253994
HDFCBANK,2018-01-22,1952.2,1963.35,1.005711505
HDFCBANK,2018-01-23,1963.35,1951.3,0.993862531
HDFCBANK,2018-01-24,1951.3,1957.65,1.003254241
HDFCBANK,2018-01-25,1957.65,1974.95,1.008837126
HDFCBANK,2018-01-29,1974.95,1999.65,1.012506646
HDFCBANK,2018-01-30,1999.65,1995.5,0.997924637
HDFCBANK,2018-01-31,1995.5,2005.7,1.005111501
HDFCBANK,2018-02-01,2005.7,1991.15,0.992745675
HDFCBANK,2018-02-02,1991.15,1948,0.978329106
HDFCBANK,2018-02-05,1948,1913.85,0.982469199
HDFCBANK,2018-02-06,1913.85,1896.8,0.991091256
HDFCBANK,2018-02-07,1896.8,1872.8,0.987347111
HDFCBANK,2018-02-08,1872.8,1880.95,1.004351773
HDFCBANK,2018-02-09,1880.95,1849.5,0.983279726
HDFCBANK,2018-02-12,1849.5,1876.65,1.014679643
HDFCBANK,2018-02-14,1876.65,1883.15,1.003463619
HDFCBANK,2018-02-15,1883.15,1881.9,0.999336219
HDFCBANK,2018-02-16,1881.9,1878.6,0.998246453
HDFCBANK,2018-02-19,1878.6,1878.2,0.999787075
HDFCBANK,2018-02-20,1878.2,1863.2,0.99201363
HDFCBANK,2018-02-21,1863.2,1857.4,0.996887076
HDFCBANK,2018-02-22,1857.4,1853.2,0.997738775
HDFCBANK,2018-02-23,1853.2,1880.55,1.014758256
HDFCBANK,2018-02-26,1880.55,1911.55,1.016484539
HDFCBANK,2018-02-27,1911.55,1902.55,0.995291779
HDFCBANK,2018-02-28,1902.55,1884.2,0.99035505
HDFCBANK,2018-03-01,1884.2,1874.35,0.994772317
HDFCBANK,2018-03-05,1874.35,1869.95,0.99765252
HDFCBANK,2018-03-06,1869.95,1846.25,0.987325864
HDFCBANK,2018-03-07,1846.25,1832.6,0.992606635
HDFCBANK,2018-03-08,1832.6,1852.85,1.011049874
HDFCBANK,2018-03-09,1852.85,1851.05,0.999028524
HDFCBANK,2018-03-12,1851.05,1867.25,1.00875179
HDFCBANK,2018-03-13,1867.25,1860.25,0.996251172
HDFCBANK,2018-03-14,1860.25,1864.5,1.002284639
HDFCBANK,2018-03-15,1864.5,1880.8,1.00874229
HDFCBANK,2018-03-16,1880.8,1853,0.985219056
HDFCBANK,2018-03-19,1853,1847.25,0.996896924
HDFCBANK,2018-03-20,1847.25,1839.5,0.995804574
HDFCBANK,2018-03-21,1839.5,1858.9,1.010546344
HDFCBANK,2018-03-22,1858.9,1867.75,1.00476088
HDFCBANK,2018-03-23,1867.75,1841.55,0.985972427
HDFCBANK,2018-03-26,1841.55,1893.45,1.028182781
HDFCBANK,2018-03-27,1893.45,1892.6,0.999551084
HDFCBANK,2018-03-28,1892.6,1886.1,0.996565571
HDFCBANK,2018-04-02,1886.1,1931.2,1.023911776
HDFCBANK,2018-04-03,1931.2,1915.9,0.992077465
HDFCBANK,2018-04-04,1915.9,1883.25,0.982958401
HDFCBANK,2018-04-05,1883.25,1908.9,1.013620072
HDFCBANK,2018-04-06,1908.9,1923.4,1.007595998
HDFCBANK,2018-04-09,1923.4,1939.05,1.008136633
HDFCBANK,2018-04-10,1939.05,1920.85,0.99061396
HDFCBANK,2018-04-11,1920.85,1918.85,0.998958794
HDFCBANK,2018-04-12,1918.85,1928.8,1.005185398
HDFCBANK,2018-04-13,1928.8,1925,0.998029863
HDFCBANK,2018-04-16,1925,1942.1,1.008883117
HDFCBANK,2018-04-17,1942.1,1948.5,1.003295402
HDFCBANK,2018-04-18,1948.5,1932.6,0.991839877
HDFCBANK,2018-04-19,1932.6,1939,1.003311601
HDFCBANK,2018-04-20,1939,1955.9,1.008715833
HDFCBANK,2018-04-23,1955.9,1935.75,0.989697837
HDFCBANK,2018-04-24,1935.75,1935,0.999612553
HDFCBANK,2018-04-25,1935,1920.75,0.992635659
HDFCBANK,2018-04-26,1920.75,1930.25,1.004945985
HDFCBANK,2018-04-27,1930.25,1923.4,0.996451237
HDFCBANK,2018-04-30,1923.4,1944.3,1.010866174
HDFCBANK,2018-05-02,1944.3,1969.5,1.012960963
HDFCBANK,2018-05-03,1969.5,1967.9,0.999187611
HDFCBANK,2018-05-04,1967.9,1988.5,1.010468012
HDFCBANK,2018-05-07,1988.5,1977.4,0.994417903
HDFCBANK,2018-05-08,1977.4,1967.05,0.994765854
HDFCBANK,2018-05-09,1967.05,1978.4,1.005770062
HDFCBANK,2018-05-10,1978.4,1992.7,1.007228063
HDFCBANK,2018-05-11,1992.7,2011.75,1.009559894
HDFCBANK,2018-05-14,2011.75,2021.75,1.004970797
HDFCBANK,2018-05-15,2021.75,2037.8,1.007938667
HDFCBANK,2018-05-16,2037.8,2023.35,0.99290902
HDFCBANK,2018-05-17,2023.35,2027.75,1.002174611
HDFCBANK,2018-05-18,2027.75,2012.15,0.992306744
HDFCBANK,2018-05-21,2012.15,1993.05,0.990507666
HDFCBANK,2018-05-22,1993.05,1989.9,0.998419508
HDFCBANK,2018-05-23,1989.9,1967.5,0.988743153
HDFCBANK,2018-05-24,1967.5,1986,1.009402795
HDFCBANK,2018-05-25,1986,2008.7,1.01143001
HDFCBANK,2018-05-28,2008.7,2042.2,1.016677453
HDFCBANK,2018-05-29,2042.2,2032.6,0.995299187
HDFCBANK,2018-05-30,2032.6,2048.35,1.007748696
HDFCBANK,2018-05-31,2048.35,2139.45,1.044474821
HDFCBANK,2018-06-01,2139.45,2110.6,0.986515226
HDFCBANK,2018-06-04,2110.6,2046.2,0.96948735
HDFCBANK,2018-06-05,2046.2,2063.6,1.008503568
HDFCBANK,2018-06-06,2063.6,2057.35,0.996971312
HDFCBANK,2018-06-07,2057.35,2062.2,1.002357402
HDFCBANK,2018-06-08,2062.2,2049.35,0.993768791
HDFCBANK,2018-06-11,2049.35,2042.3,0.996559885
HDFCBANK,2018-06-12,2042.3,2043.85,1.000758948
HDFCBANK,2018-06-13,2043.85,2031.45,0.993933019
HDFCBANK,2018-06-14,2031.45,2037.4,1.002928942
HDFCBANK,2018-06-15,2037.4,2029.6,0.996171591
HDFCBANK,2018-06-18,2029.6,2019.15,0.994851202
HDFCBANK,2018-06-19,2019.15,2023.5,1.002154372
HDFCBANK,2018-06-20,2023.5,2056.15,1.016135409
HDFCBANK,2018-06-21,2056.15,2057.6,1.000705201
HDFCBANK,2018-06-22,2057.6,2083.35,1.01251458
HDFCBANK,2018-06-25,2083.35,2094.95,1.005567955
HDFCBANK,2018-06-26,2094.95,2093.7,0.999403327
HDFCBANK,2018-06-27,2093.7,2112.6,1.009027081
HDFCBANK,2018-06-28,2112.6,2130.85,1.008638644
HDFCBANK,2018-06-29,2130.85,2108.45,0.989487763
HDFCBANK,2018-07-02,2108.45,2073.25,0.983305272
HDFCBANK,2018-07-03,2073.25,2070.2,0.99852888
HDFCBANK,2018-07-04,2070.2,2103.55,1.016109555
HDFCBANK,2018-07-05,2103.55,2123.75,1.009602814
HDFCBANK,2018-07-06,2123.75,2115.15,0.995950559
HDFCBANK,2018-07-09,2115.15,2125.65,1.004964187
HDFCBANK,2018-07-10,2125.65,2146.4,1.00976172
HDFCBANK,2018-07-11,2146.4,2148.25,1.000861908
HDFCBANK,2018-07-12,2148.25,2165.95,1.008239265
HDFCBANK,2018-07-13,2165.95,2180.9,1.006902283
HDFCBANK,2018-07-16,2180.9,2168.85,0.994474758
HDFCBANK,2018-07-17,2168.85,2176.75,1.003642483
HDFCBANK,2018-07-18,2176.75,2176.2,0.99974733
HDFCBANK,2018-07-19,2176.2,2186.1,1.004549214
HDFCBANK,2018-07-20,2186.1,2189.05,1.001349435
HDFCBANK,2018-07-23,2189.05,2156.45,0.985107695
HDFCBANK,2018-07-24,2156.45,2159.75,1.001530293
HDFCBANK,2018-07-25,2159.75,2170.35,1.004907975
HDFCBANK,2018-07-26,2170.35,2192.6,1.010251803
HDFCBANK,2018-07-27,2192.6,2202.15,1.00435556
HDFCBANK,2018-07-30,2202.15,2169.9,0.985355221
HDFCBANK,2018-07-31,2169.9,2179.5,1.004424167
HDFCBANK,2018-08-01,2179.5,2158.7,0.990456527
HDFCBANK,2018-08-02,2158.7,2130.2,0.98679761
HDFCBANK,2018-08-03,2130.2,2121.65,0.995986292
HDFCBANK,2018-08-06,2121.65,2114.3,0.996535715
HDFCBANK,2018-08-07,2114.3,2130.9,1.007851298
HDFCBANK,2018-08-08,2130.9,2136.35,1.002557605
HDFCBANK,2018-08-09,2136.35,2118.5,0.991644628
HDFCBANK,2018-08-10,2118.5,2114.45,0.99808827
HDFCBANK,2018-08-13,2114.45,2091.65,0.989217054
HDFCBANK,2018-08-14,2091.65,2089.1,0.998780867
HDFCBANK,2018-08-16,2089.1,2075.7,0.993585755
HDFCBANK,2018-08-17,2075.7,2077.35,1.000794913
HDFCBANK,2018-08-20,2077.35,2096.2,1.009074061
HDFCBANK,2018-08-21,2096.2,2096.05,0.999928442
HDFCBANK,2018-08-23,2096.05,2079.9,0.992295031
HDFCBANK,2018-08-24,2079.9,2069.85,0.995168037
HDFCBANK,2018-08-27,2069.85,2080.45,1.005121144
HDFCBANK,2018-08-28,2080.45,2094.85,1.006921579
HDFCBANK,2018-08-29,2094.85,2078.5,0.992195145
HDFCBANK,2018-08-30,2078.5,2066.1,0.994034159
HDFCBANK,2018-08-31,2066.1,2061.2,0.997628382
HDFCBANK,2018-09-03,2061.2,2075.05,1.006719387
HDFCBANK,2018-09-04,2075.05,2051.8,0.988795451
HDFCBANK,2018-09-05,2051.8,2045.85,0.997100107
HDFCBANK,2018-09-06,2045.85,2052.2,1.003103844
HDFCBANK,2018-09-07,2052.2,2056.95,1.002314589
HDFCBANK,2018-09-10,2056.95,2041.15,0.992318724
HDFCBANK,2018-09-11,2041.15,2000.4,0.980035764
HDFCBANK,2018-09-12,2000.4,2011.85,1.005723855
HDFCBANK,2018-09-14,2011.85,2029.6,1.008822725
HDFCBANK,2018-09-17,2029.6,1992.2,0.981572724
HDFCBANK,2018-09-18,1992.2,1989.2,0.998494127
HDFCBANK,2018-09-19,1989.2,1961.35,0.985999397
HDFCBANK,2018-09-21,1961.35,1970.25,1.004537691
HDFCBANK,2018-09-24,1970.25,1925.7,0.977388656
HDFCBANK,2018-09-25,1925.7,1952.4,1.013865088
HDFCBANK,2018-09-26,1952.4,1968.2,1.008092604
HDFCBANK,2018-09-27,1968.2,1976.15,1.004039224
HDFCBANK,2018-09-28,1976.15,2006.05,1.01513043
HDFCBANK,2018-10-01,2006.05,2035.45,1.014655667
HDFCBANK,2018-10-03,2035.45,2031.15,0.997887445
HDFCBANK,2018-10-04,2031.15,1957.75,0.963862836
HDFCBANK,2018-10-05,1957.75,1965.3,1.003856468
HDFCBANK,2018-10-08,1965.3,1945,0.989670788
HDFCBANK,2018-10-09,1945,1940.6,0.997737789
HDFCBANK,2018-10-10,1940.6,1967.15,1.013681336
HDFCBANK,2018-10-11,1967.15,1937.55,0.984952851
HDFCBANK,2018-10-12,1937.55,1981.85,1.022863926
HDFCBANK,2018-10-15,1981.85,2008.05,1.013219971
HDFCBANK,2018-10-16,2008.05,1992.75,0.992380668
HDFCBANK,2018-10-17,1992.75,1974.6,0.990891983
HDFCBANK,2018-10-19,1974.6,1967.75,0.996530943
HDFCBANK,2018-10-22,1967.75,1998.9,1.015830263
HDFCBANK,2018-10-23,1998.9,1984.85,0.992971134
HDFCBANK,2018-10-24,1984.85,1992.25,1.003728241
HDFCBANK,2018-10-25,1992.25,1968.8,0.988229389
HDFCBANK,2018-10-26,1968.8,1961.2,0.996139781
HDFCBANK,2018-10-29,1961.2,1926.3,0.982204773
HDFCBANK,2018-10-30,1926.3,1912.75,0.992965789
HDFCBANK,2018-10-31,1912.75,1911.75,0.999477193
HDFCBANK,2018-11-01,1911.75,1912.2,1.000235386
HDFCBANK,2018-11-02,1912.2,1949.45,1.01948018
HDFCBANK,2018-11-05,1949.45,1956,1.003359922
HDFCBANK,2018-11-06,1956,1946.55,0.995168712
HDFCBANK,2018-11-07,1946.55,1957.95,1.005856515
HDFCBANK,2018-11-09,1957.95,1945.4,0.993590235
HDFCBANK,2018-11-12,1945.4,1921.05,0.987483294
HDFCBANK,2018-11-13,1921.05,1927.75,1.003487676
HDFCBANK,2018-11-14,1927.75,1957.75,1.015562184
HDFCBANK,2018-11-15,1957.75,1975.15,1.008887754
HDFCBANK,2018-11-16,1975.15,2004.3,1.014758373
HDFCBANK,2018-11-19,2004.3,2013.9,1.004789702
HDFCBANK,2018-11-20,2013.9,2012.45,0.999280004
HDFCBANK,2018-11-21,2012.45,2018.75,1.003130513
HDFCBANK,2018-11-22,2018.75,2005.5,0.993436533
HDFCBANK,2018-11-26,2005.5,2049.8,1.022089255
HDFCBANK,2018-11-27,2049.8,2064,1.006927505
HDFCBANK,2018-11-28,2064,2089.25,1.012233527
HDFCBANK,2018-11-29,2089.25,2131.05,1.02000718
HDFCBANK,2018-11-30,2131.05,2128.45,0.998779944
HDFCBANK,2018-12-03,2128.45,2113.3,0.992882144
HDFCBANK,2018-12-04,2113.3,2085.55,0.986868878
HDFCBANK,2018-12-05,2085.55,2099.2,1.006545036
HDFCBANK,2018-12-06,2099.2,2097.05,0.9989758
HDFCBANK,2018-12-07,2097.05,2107.6,1.005030877
HDFCBANK,2018-12-10,2107.6,2088.75,0.991056178
HDFCBANK,2018-12-11,2088.75,2059.55,0.986020347
HDFCBANK,2018-12-12,2059.55,2085.3,1.012502731
HDFCBANK,2018-12-13,2085.3,2101.3,1.007672757
HDFCBANK,2018-12-14,2101.3,2095.7,0.997334983
HDFCBANK,2018-12-17,2095.7,2130.2,1.01646228
HDFCBANK,2018-12-18,2130.2,2135.45,1.002464557
HDFCBANK,2018-12-19,2135.45,2123.45,0.994380576
HDFCBANK,2018-12-20,2123.45,2137.45,1.006593044
HDFCBANK,2018-12-21,2137.45,2111.15,0.987695619
HDFCBANK,2018-12-24,2111.15,2080.65,0.985552898
HDFCBANK,2018-12-26,2080.65,2122.35,1.020041814
HDFCBANK,2018-12-27,2122.35,2105.05,0.991848658
HDFCBANK,2018-12-28,2105.05,2122.9,1.008479609
HDFCBANK,2018-12-31,2122.9,2121.7,0.999434736
HDFCBANK,2019-01-01,2121.7,2148.1,1.012442852
HDFCBANK,2019-01-02,2148.1,2128.5,0.990875658
HDFCBANK,2019-01-03,2128.5,2111.8,0.992154099
HDFCBANK,2019-01-04,2111.8,2117.45,1.002675443
HDFCBANK,2019-01-07,2117.45,2120.65,1.001511252
HDFCBANK,2019-01-08,2120.65,2103,0.99167708
HDFCBANK,2019-01-09,2103,2116.8,1.006562054
HDFCBANK,2019-01-10,2116.8,2108.5,0.996078987
HDFCBANK,2019-01-11,2108.5,2111.9,1.001612521
HDFCBANK,2019-01-14,2111.9,2101.65,0.99514655
HDFCBANK,2019-01-15,2101.65,2121.9,1.009635287
HDFCBANK,2019-01-16,2121.9,2120.2,0.999198831
HDFCBANK,2019-01-17,2120.2,2132.3,1.005707009
HDFCBANK,2019-01-18,2132.3,2130.25,0.999038597
HDFCBANK,2019-01-21,2130.25,2148.15,1.00840277
HDFCBANK,2019-01-22,2148.15,2135.85,0.994274143
HDFCBANK,2019-01-23,2135.85,2105.4,0.985743381
HDFCBANK,2019-01-24,2105.4,2102.25,0.998503847
HDFCBANK,2019-01-25,2102.25,2096,0.997026995
HDFCBANK,2019-01-28,2096,2084.15,0.994346374
HDFCBANK,2019-01-29,2084.15,2057.6,0.987260994
HDFCBANK,2019-01-30,2057.6,2034.7,0.988870529
HDFCBANK,2019-01-31,2034.7,2079.95,1.022239151
HDFCBANK,2019-02-01,2079.95,2090.45,1.005048198
HDFCBANK,2019-02-04,2090.45,2104.9,1.006912387
HDFCBANK,2019-02-05,2104.9,2114.05,1.004347
HDFCBANK,2019-02-06,2114.05,2122.65,1.004068021
HDFCBANK,2019-02-07,2122.65,2117.25,0.99745601
HDFCBANK,2019-02-08,2117.25,2122.65,1.002550478
HDFCBANK,2019-02-11,2122.65,2139.65,1.008008857
HDFCBANK,2019-02-12,2139.65,2129.7,0.995349707
HDFCBANK,2019-02-13,2129.7,2143.45,1.006456308
HDFCBANK,2019-02-14,2143.45,2110.2,0.984487625
HDFCBANK,2019-02-15,2110.2,2100.65,0.995474363
HDFCBANK,2019-02-18,2100.65,2089.9,0.994882536
HDFCBANK,2019-02-19,2089.9,2084.05,0.997200823
HDFCBANK,2019-02-20,2084.05,2108.35,1.011659989
HDFCBANK,2019-02-21,2108.35,2115.9,1.003580999
HDFCBANK,2019-02-22,2115.9,2091.45,0.988444633
HDFCBANK,2019-02-25,2091.45,2125.4,1.016232757
HDFCBANK,2019-02-26,2125.4,2110.65,0.99306013
HDFCBANK,2019-02-27,2110.65,2092.25,0.991282306
HDFCBANK,2019-02-28,2092.25,2077.55,0.992974071
HDFCBANK,2019-03-01,2077.55,2083.35,1.00279175
HDFCBANK,2019-03-05,2083.35,2107.1,1.011399909
HDFCBANK,2019-03-06,2107.1,2104.25,0.99864743
HDFCBANK,2019-03-07,2104.25,2126.5,1.010573839
HDFCBANK,2019-03-08,2126.5,2128.2,1.000799436
HDFCBANK,2019-03-11,2128.2,2128.45,1.00011747
HDFCBANK,2019-03-12,2128.45,2171,1.019991073
HDFCBANK,2019-03-13,2171,2226.55,1.025587287
HDFCBANK,2019-03-14,2226.55,2224.75,0.999191574
HDFCBANK,2019-03-15,2224.75,2253,1.012698056
HDFCBANK,2019-03-18,2253,2261.45,1.003750555
HDFCBANK,2019-03-19,2261.45,2267.75,1.002785823
HDFCBANK,2019-03-20,2267.75,2299,1.013780179
HDFCBANK,2019-03-22,2299,2276.15,0.990060896
HDFCBANK,2019-03-25,2276.15,2281.3,1.002262593
HDFCBANK,2019-03-26,2281.3,2311.35,1.013172314
HDFCBANK,2019-03-27,2311.35,2299.45,0.994851494
HDFCBANK,2019-03-28,2299.45,2302.8,1.00145687
HDFCBANK,2019-03-29,2302.8,2318.9,1.006991489
HDFCBANK,2019-04-01,2318.9,2311.8,0.996938203
HDFCBANK,2019-04-02,2311.8,2294.85,0.992668051
HDFCBANK,2019-04-03,2294.85,2292.75,0.999084908
HDFCBANK,2019-04-04,2292.75,2283.95,0.996161814
HDFCBANK,2019-04-05,2283.95,2305.6,1.009479192
HDFCBANK,2019-04-08,2305.6,2289.4,0.992973629
HDFCBANK,2019-04-09,2289.4,2287.25,0.999060889
HDFCBANK,2019-04-10,2287.25,2237.35,0.978183408
HDFCBANK,2019-04-11,2237.35,2257.5,1.00900619
HDFCBANK,2019-04-12,2257.5,2265.25,1.003433001
HDFCBANK,2019-04-15,2265.25,2288.8,1.010396204
HDFCBANK,2019-04-16,2288.8,2305.05,1.00709979
HDFCBANK,2019-04-18,2305.05,2293.65,0.995054337
HDFCBANK,2019-04-22,2293.65,2268.7,0.989122142
HDFCBANK,2019-04-23,2268.7,2245.3,0.989685723
HDFCBANK,2019-04-24,2245.3,2279.75,1.015343161
HDFCBANK,2019-04-25,2279.75,2263.45,0.992850093
HDFCBANK,2019-04-26,2263.45,2280.95,1.00773156
HDFCBANK,2019-04-30,2280.95,2317.45,1.016002104
HDFCBANK,2019-05-02,2317.45,2355.8,1.016548361
HDFCBANK,2019-05-03,2355.8,2367.95,1.005157484
HDFCBANK,2019-05-06,2367.95,2328.45,0.983318905
HDFCBANK,2019-05-07,2328.45,2322.35,0.997380231
HDFCBANK,2019-05-08,2322.35,2307.25,0.993497965
HDFCBANK,2019-05-09,2307.25,2290.9,0.992913642
HDFCBANK,2019-05-10,2290.9,2296.5,1.002444454
HDFCBANK,2019-05-13,2296.5,2287.2,0.995950359
HDFCBANK,2019-05-14,2287.2,2287.9,1.000306051
HDFCBANK,2019-05-15,2287.9,2286.7,0.999475502
HDFCBANK,2019-05-16,2286.7,2310.65,1.010473608
HDFCBANK,2019-05-17,2310.65,2362.1,1.022266462
HDFCBANK,2019-05-20,2362.1,2432.35,1.029740485
HDFCBANK,2019-05-21,2432.35,2403.7,0.988221267
HDFCBANK,2019-05-22,2403.7,2405.75,1.000852852
HDFCBANK,2019-05-23,2405.75,2332.1,0.969385846
HDFCBANK,2019-05-24,2332.1,2373.35,1.017687921
HDFCBANK,2019-05-27,2373.35,2408.35,1.014747087
HDFCBANK,2019-05-28,2408.35,2416.2,1.003259493
HDFCBANK,2019-05-29,2416.2,2416.9,1.000289711
HDFCBANK,2019-05-30,2416.9,2439.55,1.009371509
HDFCBANK,2019-05-31,2439.55,2425.35,0.994179254
HDFCBANK,2019-06-03,2425.35,2457.1,1.013090894
HDFCBANK,2019-06-04,2457.1,2452.3,0.998046478
HDFCBANK,2019-06-06,2452.3,2423.35,0.988194756
HDFCBANK,2019-06-07,2423.35,2447.65,1.010027441
HDFCBANK,2019-06-10,2447.65,2440.2,0.996956264
HDFCBANK,2019-06-11,2440.2,2448.4,1.00336038
HDFCBANK,2019-06-12,2448.4,2427.05,0.99128002
HDFCBANK,2019-06-13,2427.05,2444.7,1.007272203
HDFCBANK,2019-06-14,2444.7,2435.1,0.996073138
HDFCBANK,2019-06-17,2435.1,2422,0.994620344
HDFCBANK,2019-06-18,2422,2417.25,0.998038811
HDFCBANK,2019-06-19,2417.25,2428.35,1.004591995
HDFCBANK,2019-06-20,2428.35,2426.35,0.999176395
HDFCBANK,2019-06-21,2426.35,2414.2,0.994992478
HDFCBANK,2019-06-24,2414.2,2417.95,1.00155331
HDFCBANK,2019-06-25,2417.95,2428.7,1.004445915
HDFCBANK,2019-06-26,2428.7,2467.9,1.016140322
HDFCBANK,2019-06-27,2467.9,2462.3,0.997730864
HDFCBANK,2019-06-28,2462.3,2443.75,0.992466393
HDFCBANK,2019-07-01,2443.75,2485.55,1.017104859
HDFCBANK,2019-07-02,2485.55,2495,1.003801975
HDFCBANK,2019-07-03,2495,2489.65,0.997855711
HDFCBANK,2019-07-04,2489.65,2483.8,0.997650272
HDFCBANK,2019-07-05,2483.8,2472.4,0.995410258
HDFCBANK,2019-07-08,2472.4,2409.6,0.974599579
HDFCBANK,2019-07-09,2409.6,2379.15,0.987363048
HDFCBANK,2019-07-10,2379.15,2388.75,1.004035055
HDFCBANK,2019-07-11,2388.75,2407.15,1.007702773
HDFCBANK,2019-07-12,2407.15,2393.9,0.994495565
HDFCBANK,2019-07-15,2393.9,2394.75,1.000355069
HDFCBANK,2019-07-16,2394.75,2391.2,0.998517591
HDFCBANK,2019-07-17,2391.2,2397.45,1.00261375
HDFCBANK,2019-07-18,2397.45,2411.9,1.006027237
HDFCBANK,2019-07-19,2411.9,2375.65,0.984970355
HDFCBANK,2019-07-22,2375.65,2297.25,0.966998506
HDFCBANK,2019-07-23,2297.25,2263.5,0.985308521
HDFCBANK,2019-07-24,2263.5,2280.9,1.00768721
HDFCBANK,2019-07-25,2280.9,2286.05,1.002257881
HDFCBANK,2019-07-26,2286.05,2277.3,0.996172437
HDFCBANK,2019-07-29,2277.3,2244.3,0.985509156
HDFCBANK,2019-07-30,2244.3,2252.25,1.003542307
HDFCBANK,2019-07-31,2252.25,2251.65,0.9997336
HDFCBANK,2019-08-01,2251.65,2221.8,0.986743055
HDFCBANK,2019-08-02,2221.8,2214.35,0.996646863
HDFCBANK,2019-08-05,2214.35,2179.25,0.984148847
HDFCBANK,2019-08-06,2179.25,2189.1,1.004519904
HDFCBANK,2019-08-07,2189.1,2184,0.997670275
HDFCBANK,2019-08-08,2184,2233.15,1.022504579
HDFCBANK,2019-08-09,2233.15,2282,1.02187493
HDFCBANK,2019-08-13,2282,2220.35,0.972984224
HDFCBANK,2019-08-14,2220.35,2229.45,1.004098453
HDFCBANK,2019-08-16,2229.45,2227.7,0.999215053
HDFCBANK,2019-08-19,2227.7,2206.85,0.990640571
HDFCBANK,2019-08-20,2206.85,2220.6,1.0062306
HDFCBANK,2019-08-21,2220.6,2225.85,1.002364226
HDFCBANK,2019-08-22,2225.85,2174.1,0.976750455
HDFCBANK,2019-08-23,2174.1,2162.7,0.994756451
HDFCBANK,2019-08-26,2162.7,2256.15,1.043209877
HDFCBANK,2019-08-27,2256.15,2259.95,1.001684285
HDFCBANK,2019-08-28,2259.95,2247.5,0.994491029
HDFCBANK,2019-08-29,2247.5,2226.95,0.990856507
HDFCBANK,2019-08-30,2226.95,2227.95,1.000449045
HDFCBANK,2019-09-03,2227.95,2210.95,0.992369667
HDFCBANK,2019-09-04,2210.95,2247.75,1.016644429
HDFCBANK,2019-09-05,2247.75,2235.15,0.994394394
HDFCBANK,2019-09-06,2235.15,2245.9,1.004809521
HDFCBANK,2019-09-09,2245.9,2249.6,1.001647446
HDFCBANK,2019-09-11,2249.6,2251.3,1.00075569
HDFCBANK,2019-09-12,2251.3,2270.85,1.008683872
HDFCBANK,2019-09-13,2270.85,2257.45,0.994099126
HDFCBANK,2019-09-16,2257.45,2244.15,0.994108397
HDFCBANK,2019-09-17,2244.15,2211.35,0.985384221
HDFCBANK,2019-09-18,2211.35,2187.75,0.989327786
HDFCBANK,2019-09-19,2187.75,1101.05,0.503279625
HDFCBANK,2019-09-20,1101.05,1199.6,1.089505472
HDFCBANK,2019-09-23,1199.6,1257.25,1.048057686
HDFCBANK,2019-09-24,1257.25,1253.8,0.997255916
HDFCBANK,2019-09-25,1253.8,1239.7,0.988754187
HDFCBANK,2019-09-26,1239.7,1242.5,1.002258611
HDFCBANK,2019-09-27,1242.5,1244.2,1.001368209
HDFCBANK,2019-09-30,1244.2,1227.45,0.986537534
HDFCBANK,2019-10-01,1227.45,1248.8,1.017393784
HDFCBANK,2019-10-03,1248.8,1223.55,0.979780589
HDFCBANK,2019-10-04,1223.55,1189.7,0.9723346
HDFCBANK,2019-10-07,1189.7,1186.9,0.997646465
HDFCBANK,2019-10-09,1186.9,1228.15,1.034754402
HDFCBANK,2019-10-10,1228.15,1200.55,0.977527175
HDFCBANK,2019-10-11,1200.55,1198.8,0.998542335
HDFCBANK,2019-10-14,1198.8,1204.4,1.004671338
HDFCBANK,2019-10-15,1204.4,1223.05,1.015484889
HDFCBANK,2019-10-16,1223.05,1221.1,0.998405625
HDFCBANK,2019-10-17,1221.1,1220,0.999099173
HDFCBANK,2019-10-18,1220,1229,1.007377049
HDFCBANK,2019-10-22,1229,1239.3,1.008380797
HDFCBANK,2019-10-23,1239.3,1241.6,1.001855886
HDFCBANK,2019-10-24,1241.6,1236.1,0.995570232
HDFCBANK,2019-10-25,1236.1,1229,0.994256128
HDFCBANK,2019-10-27,1229,1237.7,1.007078926
HDFCBANK,2019-10-29,1237.7,1242.5,1.003878161
HDFCBANK,2019-10-30,1242.5,1248.35,1.004708249
HDFCBANK,2019-10-31,1248.35,1230.35,0.985580967
HDFCBANK,2019-11-01,1230.35,1240.05,1.007883935
HDFCBANK,2019-11-04,1240.05,1236.85,0.997419459
HDFCBANK,2019-11-05,1236.85,1239.5,1.00214254
HDFCBANK,2019-11-06,1239.5,1256.65,1.013836224
HDFCBANK,2019-11-07,1256.65,1263.7,1.005610154
HDFCBANK,2019-11-08,1263.7,1255.6,0.993590251
HDFCBANK,2019-11-11,1255.6,1264.75,1.007287353
HDFCBANK,2019-11-13,1264.75,1257.55,0.994307175
HDFCBANK,2019-11-14,1257.55,1273.9,1.013001471
HDFCBANK,2019-11-15,1273.9,1277.9,1.003139964
HDFCBANK,2019-11-18,1277.9,1262.05,0.987596839
HDFCBANK,2019-11-19,1262.05,1271.9,1.007804762
HDFCBANK,2019-11-20,1271.9,1273.35,1.001140027
HDFCBANK,2019-11-21,1273.35,1283.35,1.0078533
HDFCBANK,2019-11-22,1283.35,1264.75,0.985506682
HDFCBANK,2019-11-25,1264.75,1271.1,1.005020755
HDFCBANK,2019-11-26,1271.1,1275.05,1.003107545
HDFCBANK,2019-11-27,1275.05,1278.4,1.002627348
HDFCBANK,2019-11-28,1278.4,1265.3,0.989752816
HDFCBANK,2019-11-29,1265.3,1274.95,1.00762665
HDFCBANK,2019-12-02,1274.95,1265.75,0.992784031
HDFCBANK,2019-12-03,1265.75,1255.4,0.99182303
HDFCBANK,2019-12-04,1255.4,1251.65,0.997012904
HDFCBANK,2019-12-05,1251.65,1245.6,0.99516638
HDFCBANK,2019-12-06,1245.6,1246.05,1.000361272
HDFCBANK,2019-12-09,1246.05,1242.95,0.997512138
HDFCBANK,2019-12-10,1242.95,1249.5,1.005269721
HDFCBANK,2019-12-11,1249.5,1248.75,0.99939976
HDFCBANK,2019-12-12,1248.75,1263.6,1.011891892
HDFCBANK,2019-12-13,1263.6,1263.85,1.000197847
HDFCBANK,2019-12-16,1263.85,1257.35,0.994856985
HDFCBANK,2019-12-17,1257.35,1271.1,1.010935698
HDFCBANK,2019-12-18,1271.1,1292.35,1.016717803
HDFCBANK,2019-12-19,1292.35,1288.8,0.997253066
HDFCBANK,2019-12-20,1288.8,1296.7,1.006129733
HDFCBANK,2019-12-23,1296.7,1302.4,1.004395774
HDFCBANK,2019-12-24,1302.4,1289.15,0.989826474
HDFCBANK,2019-12-26,1289.15,1270.45,0.985494318
HDFCBANK,2019-12-27,1270.45,1275,1.003581408
HDFCBANK,2019-12-30,1275,1282.15,1.005607843
HDFCBANK,2019-12-31,1282.15,1272.1,0.992161604
HDFCBANK,2020-01-01,1272.1,1278.6,1.005109661
HDFCBANK,2020-01-02,1278.6,1286.75,1.006374159
HDFCBANK,2020-01-03,1286.75,1268.4,0.985739266
HDFCBANK,2020-01-06,1268.4,1240.95,0.978358562
HDFCBANK,2020-01-07,1240.95,1260.6,1.015834643
HDFCBANK,2020-01-08,1260.6,1257.3,0.997382199
HDFCBANK,2020-01-09,1257.3,1271.4,1.011214507
HDFCBANK,2020-01-10,1271.4,1282.7,1.00888784
HDFCBANK,2020-01-13,1282.7,1286,1.002572698
HDFCBANK,2020-01-14,1286,1289.5,1.002721617
HDFCBANK,2020-01-15,1289.5,1284.25,0.995928655
HDFCBANK,2020-01-16,1284.25,1287.65,1.00264746
HDFCBANK,2020-01-17,1287.65,1278.15,0.992622219
HDFCBANK,2020-01-20,1278.15,1254.9,0.981809647
HDFCBANK,2020-01-21,1254.9,1244.35,0.991592956
HDFCBANK,2020-01-22,1244.35,1240.85,0.997187287
HDFCBANK,2020-01-23,1240.85,1244.85,1.003223597
HDFCBANK,2020-01-24,1244.85,1244.55,0.999759007
HDFCBANK,2020-01-27,1244.55,1213.2,0.974810172
HDFCBANK,2020-01-28,1213.2,1223.2,1.008242664
HDFCBANK,2020-01-29,1223.2,1235.85,1.010341727
HDFCBANK,2020-01-30,1235.85,1226.05,0.992070235
HDFCBANK,2020-01-31,1226.05,1226.3,1.000203907
HDFCBANK,2020-02-01,1226.3,1198.7,0.977493272
HDFCBANK,2020-02-03,1198.7,1192.8,0.995078001
HDFCBANK,2020-02-04,1192.8,1229.8,1.03101945
HDFCBANK,2020-02-05,1229.8,1244.65,1.012075134
HDFCBANK,2020-02-06,1244.65,1239.8,0.996103322
HDFCBANK,2020-02-07,1239.8,1242.2,1.001935796
HDFCBANK,2020-02-10,1242.2,1240.3,0.998470456
HDFCBANK,2020-02-11,1240.3,1240.6,1.000241877
HDFCBANK,2020-02-12,1240.6,1249,1.006770917
HDFCBANK,2020-02-13,1249,1241.4,0.993915132
HDFCBANK,2020-02-14,1241.4,1219.35,0.982237796
HDFCBANK,2020-02-17,1219.35,1217.15,0.99819576
HDFCBANK,2020-02-18,1217.15,1213.25,0.996795793
HDFCBANK,2020-02-19,1213.25,1227.2,1.011498042
HDFCBANK,2020-02-20,1227.2,1217.1,0.991769883
HDFCBANK,2020-02-24,1217.1,1209.95,0.99412538
HDFCBANK,2020-02-25,1209.95,1200.3,0.992024464
HDFCBANK,2020-02-26,1200.3,1199.25,0.999125219
HDFCBANK,2020-02-27,1199.25,1199.45,1.000166771
HDFCBANK,2020-02-28,1199.45,1177.65,0.981825003
HDFCBANK,2020-03-02,1177.65,1179.6,1.00165584
HDFCBANK,2020-03-03,1179.6,1181.8,1.001865039
HDFCBANK,2020-03-04,1181.8,1148.85,0.972118802
HDFCBANK,2020-03-05,1148.85,1151.35,1.002176089
HDFCBANK,2020-03-06,1151.35,1134.9,0.985712425
HDFCBANK,2020-03-09,1134.9,1107.3,0.975680677
HDFCBANK,2020-03-11,1107.3,1113.8,1.005870135
HDFCBANK,2020-03-12,1113.8,1021.3,0.916950979
HDFCBANK,2020-03-13,1021.3,1069.8,1.047488495
HDFCBANK,2020-03-16,1069.8,999.5,0.934286783
HDFCBANK,2020-03-17,999.5,975.1,0.975587794
HDFCBANK,2020-03-18,975.1,876.9,0.89929238
HDFCBANK,2020-03-19,876.9,895.55,1.021268104
HDFCBANK,2020-03-20,895.55,882.85,0.985818771
HDFCBANK,2020-03-23,882.85,771.55,0.873931019
HDFCBANK,2020-03-24,771.55,767.7,0.995010045
HDFCBANK,2020-03-25,767.7,856.75,1.115995832
HDFCBANK,2020-03-26,856.75,901.1,1.051765392
HDFCBANK,2020-03-27,901.1,904.45,1.003717678
HDFCBANK,2020-03-30,904.45,831.65,0.919509094
HDFCBANK,2020-03-31,831.65,861.9,1.036373474
HDFCBANK,2020-04-01,861.9,829.65,0.962582666
HDFCBANK,2020-04-03,829.65,813.85,0.980955825
HDFCBANK,2020-04-07,813.85,896.1,1.101062849
HDFCBANK,2020-04-08,896.1,888.9,0.991965182
HDFCBANK,2020-04-09,888.9,925.05,1.040668242
HDFCBANK,2020-04-13,925.05,895.35,0.967893627
HDFCBANK,2020-04-15,895.35,863.3,0.964203943
HDFCBANK,2020-04-16,863.3,879.75,1.01905479
HDFCBANK,2020-04-17,879.75,910.3,1.034725774
HDFCBANK,2020-04-20,910.3,944.85,1.03795452
HDFCBANK,2020-04-21,944.85,921.65,0.975445838
HDFCBANK,2020-04-22,921.65,928.6,1.007540824
HDFCBANK,2020-04-23,928.6,954.95,1.02837605
HDFCBANK,2020-04-24,954.95,938.05,0.982302738
HDFCBANK,2020-04-27,938.05,929.7,0.991098556
HDFCBANK,2020-04-28,929.7,931.4,1.001828547
HDFCBANK,2020-04-29,931.4,977.1,1.049065922
HDFCBANK,2020-04-30,977.1,1001.8,1.025278887
HDFCBANK,2020-05-04,1001.8,923,0.921341585
HDFCBANK,2020-05-05,923,911.45,0.987486457
HDFCBANK,2020-05-06,911.45,946.4,1.038345493
HDFCBANK,2020-05-07,946.4,925,0.977387997
HDFCBANK,2020-05-08,925,929.05,1.004378378
HDFCBANK,2020-05-11,929.05,915.8,0.98573812
HDFCBANK,2020-05-12,915.8,901.55,0.984439834
HDFCBANK,2020-05-13,901.55,927.65,1.028950141
HDFCBANK,2020-05-14,927.65,893.7,0.963402145
HDFCBANK,2020-05-15,893.7,888.15,0.993789862
HDFCBANK,2020-05-18,888.15,836.65,0.942014299
HDFCBANK,2020-05-19,836.65,830.65,0.992828542
HDFCBANK,2020-05-20,830.65,857.1,1.031842533
HDFCBANK,2020-05-21,857.1,859.55,1.002858476
HDFCBANK,2020-05-22,859.55,838.85,0.975917631
HDFCBANK,2020-05-26,838.85,852.4,1.016153067
HDFCBANK,2020-05-27,852.4,903.65,1.060124355
HDFCBANK,2020-05-28,903.65,945.25,1.046035523
HDFCBANK,2020-05-29,945.25,951.65,1.006770696
HDFCBANK,2020-06-01,951.65,987.65,1.037829034
HDFCBANK,2020-06-02,987.65,1001,1.013516934
HDFCBANK,2020-06-03,1001,1022.25,1.021228771
HDFCBANK,2020-06-04,1022.25,1001.7,0.979897285
HDFCBANK,2020-06-05,1001.7,1033.35,1.031596286
HDFCBANK,2020-06-08,1033.35,1015.9,0.983113176
HDFCBANK,2020-06-09,1015.9,987.3,0.971847623
HDFCBANK,2020-06-10,987.3,991.85,1.004608528
HDFCBANK,2020-06-11,991.85,968.6,0.976558955
HDFCBANK,2020-06-12,968.6,982.75,1.014608714
HDFCBANK,2020-06-15,982.75,949.85,0.966522513
HDFCBANK,2020-06-16,949.85,990.4,1.042690951
HDFCBANK,2020-06-17,990.4,979.25,0.988741922
HDFCBANK,2020-06-18,979.25,1019.95,1.04156242
HDFCBANK,2020-06-19,1019.95,1033.35,1.013137899
HDFCBANK,2020-06-22,1033.35,1028.75,0.995548459
HDFCBANK,2020-06-23,1028.75,1042.3,1.013171324
HDFCBANK,2020-06-24,1042.3,1032.5,0.990597717
HDFCBANK,2020-06-25,1032.5,1028.75,0.996368039
HDFCBANK,2020-06-26,1028.75,1056.45,1.026925881
HDFCBANK,2020-06-29,1056.45,1076.05,1.0185527
HDFCBANK,2020-06-30,1076.05,1065.85,0.990520887
HDFCBANK,2020-07-01,1065.85,1084.6,1.017591594
HDFCBANK,2020-07-02,1084.6,1089.4,1.004425595
HDFCBANK,2020-07-03,1089.4,1073.95,0.985817881
HDFCBANK,2020-07-06,1073.95,1103,1.027049676
HDFCBANK,2020-07-07,1103,1105.15,1.001949229
HDFCBANK,2020-07-08,1105.15,1110.35,1.004705244
HDFCBANK,2020-07-09,1110.35,1124.95,1.013149007
HDFCBANK,2020-07-10,1124.95,1105.1,0.982354771
HDFCBANK,2020-07-13,1105.1,1080.25,0.977513347
HDFCBANK,2020-07-14,1080.25,1058.85,0.980189771
HDFCBANK,2020-07-15,1058.85,1053.15,0.994616801
HDFCBANK,2020-07-16,1053.15,1062.55,1.008925604
HDFCBANK,2020-07-17,1062.55,1098.45,1.033786645
HDFCBANK,2020-07-20,1098.45,1133.05,1.03149893
HDFCBANK,2020-07-21,1133.05,1138.55,1.004854155
HDFCBANK,2020-07-22,1138.55,1126.35,0.989284616
HDFCBANK,2020-07-23,1126.35,1130.4,1.003595685
HDFCBANK,2020-07-24,1130.4,1119.1,0.990003539
HDFCBANK,2020-07-27,1119.1,1079.5,0.964614422
HDFCBANK,2020-07-28,1079.5,1086.65,1.006623437
HDFCBANK,2020-07-29,1086.65,1064.6,0.979708278
HDFCBANK,2020-07-30,1064.6,1050.65,0.986896487
HDFCBANK,2020-07-31,1050.65,1032.8,0.983010517
HDFCBANK,2020-08-03,1032.8,1002,0.970178156
HDFCBANK,2020-08-04,1002,1041.65,1.039570858
HDFCBANK,2020-08-05,1041.65,1027.55,0.986463783
HDFCBANK,2020-08-06,1027.55,1040.7,1.012797431
HDFCBANK,2020-08-07,1040.7,1043.85,1.003026809
HDFCBANK,2020-08-10,1043.85,1050.65,1.006514346
HDFCBANK,2020-08-11,1050.65,1066.65,1.015228668
HDFCBANK,2020-08-12,1066.65,1063.7,0.997234332
HDFCBANK,2020-08-13,1063.7,1059.05,0.995628467
HDFCBANK,2020-08-14,1059.05,1034.45,0.976771635
HDFCBANK,2020-08-17,1034.45,1032.75,0.998356615
HDFCBANK,2020-08-18,1032.75,1056.5,1.022996853
HDFCBANK,2020-08-19,1056.5,1066.6,1.009559867
HDFCBANK,2020-08-20,1066.6,1059,0.992874555
HDFCBANK,2020-08-21,1059,1085.65,1.02516525
HDFCBANK,2020-08-24,1085.65,1117.05,1.028922765
HDFCBANK,2020-08-25,1117.05,1119.7,1.00237232
HDFCBANK,2020-08-26,1119.7,1118.45,0.99888363
HDFCBANK,2020-08-27,1118.45,1112.1,0.9943225
HDFCBANK,2020-08-28,1112.1,1114.5,1.002158079
HDFCBANK,2020-08-31,1114.5,1115.85,1.001211306
HDFCBANK,2020-09-01,1115.85,1127.3,1.010261236
HDFCBANK,2020-09-02,1127.3,1134.15,1.006076466
HDFCBANK,2020-09-03,1134.15,1130.9,0.997134418
HDFCBANK,2020-09-04,1130.9,1119.3,0.989742683
HDFCBANK,2020-09-07,1119.3,1110.5,0.992137943
HDFCBANK,2020-09-08,1110.5,1112.45,1.001755966
HDFCBANK,2020-09-09,1112.45,1096.5,0.985662277
HDFCBANK,2020-09-10,1096.5,1090.55,0.994573643
HDFCBANK,2020-09-11,1090.55,1078.65,0.989088075
HDFCBANK,2020-09-14,1078.65,1057.95,0.980809345
HDFCBANK,2020-09-15,1057.95,1070.5,1.011862564
HDFCBANK,2020-09-16,1070.5,1093.65,1.021625409
HDFCBANK,2020-09-17,1093.65,1083.6,0.990810588
HDFCBANK,2020-09-18,1083.6,1057.3,0.975729051
HDFCBANK,2020-09-21,1057.3,1049.3,0.992433557
HDFCBANK,2020-09-22,1049.3,1035.4,0.986753073
HDFCBANK,2020-09-23,1035.4,1047.25,1.011444852
HDFCBANK,2020-09-24,1047.25,1030.4,0.983910241
HDFCBANK,2020-09-25,1030.4,1044,1.013198758
HDFCBANK,2020-09-28,1044,1054.2,1.009770115
HDFCBANK,2020-09-29,1054.2,1062.55,1.007920698
HDFCBANK,2020-09-30,1062.55,1078.6,1.015105172
HDFCBANK,2020-10-01,1078.6,1106.95,1.026284072
HDFCBANK,2020-10-05,1106.95,1114.35,1.006685035
HDFCBANK,2020-10-06,1114.35,1144.1,1.026697178
HDFCBANK,2020-10-07,1144.1,1162.25,1.015863998
HDFCBANK,2020-10-08,1162.25,1191.8,1.025424823
HDFCBANK,2020-10-09,1191.8,1233.55,1.035031045
HDFCBANK,2020-10-12,1233.55,1213.65,0.983867699
HDFCBANK,2020-10-13,1213.65,1198.45,0.987475796
HDFCBANK,2020-10-14,1198.45,1211.5,1.010889065
HDFCBANK,2020-10-15,1211.5,1169.25,0.965125877
HDFCBANK,2020-10-16,1169.25,1199.35,1.025742998
HDFCBANK,2020-10-19,1199.35,1203.55,1.003501897
HDFCBANK,2020-10-20,1203.55,1223.95,1.016949857
HDFCBANK,2020-10-21,1223.95,1246.7,1.018587361
HDFCBANK,2020-10-22,1246.7,1233.3,0.989251624
HDFCBANK,2020-10-23,1233.3,1235.8,1.002027082
HDFCBANK,2020-10-26,1235.8,1210.9,0.979851109
HDFCBANK,2020-10-27,1210.9,1233.1,1.018333471
HDFCBANK,2020-10-28,1233.1,1209.6,0.98094234
HDFCBANK,2020-10-29,1209.6,1187.2,0.981481481
HDFCBANK,2020-10-30,1187.2,1183.55,0.996925539
HDFCBANK,2020-11-02,1183.55,1215.25,1.026783828
HDFCBANK,2020-11-03,1215.25,1247.95,1.026908044
HDFCBANK,2020-11-04,1247.95,1257.4,1.007572419
HDFCBANK,2020-11-05,1257.4,1269.2,1.009384444
HDFCBANK,2020-11-06,1269.2,1307.65,1.030294674
HDFCBANK,2020-11-09,1307.65,1340.55,1.025159638
HDFCBANK,2020-11-10,1340.55,1393.65,1.039610608
HDFCBANK,2020-11-11,1393.65,1389.95,0.997345101
HDFCBANK,2020-11-12,1389.95,1371.7,0.986870031
HDFCBANK,2020-11-13,1371.7,1358.8,0.990595611
HDFCBANK,2020-11-14,1358.8,1369.7,1.008021784
HDFCBANK,2020-11-17,1369.7,1408.45,1.028290867
HDFCBANK,2020-11-18,1408.45,1408.7,1.0001775
HDFCBANK,2020-11-19,1408.7,1374.35,0.975615816
HDFCBANK,2020-11-20,1374.35,1403.65,1.021319169
HDFCBANK,2020-11-23,1403.65,1394.6,0.993552524
HDFCBANK,2020-11-24,1394.6,1438.2,1.031263445
HDFCBANK,2020-11-25,1438.2,1402.8,0.975385899
HDFCBANK,2020-11-26,1402.8,1426.65,1.017001711
HDFCBANK,2020-11-27,1426.65,1440.85,1.009953387
HDFCBANK,2020-12-01,1440.85,1433.3,0.994760037
HDFCBANK,2020-12-02,1433.3,1406.95,0.981615852
HDFCBANK,2020-12-03,1406.95,1377.2,0.97885497
HDFCBANK,2020-12-04,1377.2,1385.6,1.006099332
HDFCBANK,2020-12-07,1385.6,1372.25,0.990365185
HDFCBANK,2020-12-08,1372.25,1376.3,1.002951357
HDFCBANK,2020-12-09,1376.3,1407.2,1.0224515
HDFCBANK,2020-12-10,1407.2,1385.85,0.984828027
HDFCBANK,2020-12-11,1385.85,1382.8,0.997799185
HDFCBANK,2020-12-14,1382.8,1372.15,0.992298235
HDFCBANK,2020-12-15,1372.15,1391.3,1.0139562
HDFCBANK,2020-12-16,1391.3,1410.7,1.013943794
HDFCBANK,2020-12-17,1410.7,1441.8,1.022045793
HDFCBANK,2020-12-18,1441.8,1411.35,0.978880566
HDFCBANK,2020-12-21,1411.35,1372.65,0.972579445
HDFCBANK,2020-12-22,1372.65,1373.1,1.000327833
HDFCBANK,2020-12-23,1373.1,1375.65,1.001857112
HDFCBANK,2020-12-24,1375.65,1397.1,1.015592629
HDFCBANK,2020-12-28,1397.1,1412.85,1.011273352
HDFCBANK,2020-12-29,1412.85,1427.2,1.010156775
HDFCBANK,2020-12-30,1427.2,1432.5,1.003713565
HDFCBANK,2020-12-31,1432.5,1436.3,1.002652705
HDFCBANK,2021-01-01,1436.3,1425.05,0.992167375
HDFCBANK,2021-01-04,1425.05,1416,0.993649346
HDFCBANK,2021-01-05,1416,1426.7,1.007556497
HDFCBANK,2021-01-06,1426.7,1420.55,0.995689353
HDFCBANK,2021-01-07,1420.55,1416.25,0.996973003
HDFCBANK,2021-01-08,1416.25,1431.65,1.010873786
HDFCBANK,2021-01-11,1431.65,1451.45,1.013830196
HDFCBANK,2021-01-12,1451.45,1481,1.020358951
HDFCBANK,2021-01-13,1481,1470.65,0.993011479
HDFCBANK,2021-01-14,1470.65,1468.75,0.998708054
HDFCBANK,2021-01-15,1468.75,1466.65,0.998570213
HDFCBANK,2021-01-18,1466.65,1483.1,1.011216037
HDFCBANK,2021-01-19,1483.1,1503.85,1.013990965
HDFCBANK,2021-01-20,1503.85,1492,0.992120225
HDFCBANK,2021-01-21,1492,1474.8,0.98847185
HDFCBANK,2021-01-22,1474.8,1443.55,0.978810686
HDFCBANK,2021-01-25,1443.55,1462.85,1.013369817
HDFCBANK,2021-01-27,1462.85,1409.6,0.963598455
HDFCBANK,2021-01-28,1409.6,1371.45,0.972935585
HDFCBANK,2021-01-29,1371.45,1390.5,1.013890408
HDFCBANK,2021-02-01,1390.5,1476.75,1.062028047
HDFCBANK,2021-02-02,1476.75,1560.55,1.056746233
HDFCBANK,2021-02-03,1560.55,1574.8,1.009131396
HDFCBANK,2021-02-04,1574.8,1579.1,1.002730505
HDFCBANK,2021-02-05,1579.1,1597.6,1.011715534
HDFCBANK,2021-02-08,1597.6,1605.25,1.004788433
HDFCBANK,2021-02-09,1605.25,1611.85,1.004111509
HDFCBANK,2021-02-10,1611.85,1581.75,0.981325806
HDFCBANK,2021-02-11,1581.75,1572.35,0.994057215
HDFCBANK,2021-02-12,1572.35,1581.95,1.006105511
HDFCBANK,2021-02-15,1581.95,1616.6,1.021903347
HDFCBANK,2021-02-16,1616.6,1626.65,1.006216751
HDFCBANK,2021-02-17,1626.65,1586.5,0.97531737
HDFCBANK,2021-02-18,1586.5,1554.3,0.97970375
HDFCBANK,2021-02-19,1554.3,1539.1,0.990220678
HDFCBANK,2021-02-22,1539.1,1548,1.0057826
HDFCBANK,2021-02-23,1548,1529.15,0.987822997
HDFCBANK,2021-02-24,1529.15,1606.45,1.05055096
HDFCBANK,2021-02-25,1606.45,1606.4,0.999968875
HDFCBANK,2021-02-26,1606.4,1534.4,0.955179283
HDFCBANK,2021-03-01,1534.4,1558.9,1.015967153
HDFCBANK,2021-03-02,1558.9,1568.2,1.005965745
HDFCBANK,2021-03-03,1568.2,1586.85,1.011892616
HDFCBANK,2021-03-04,1586.85,1552.05,0.978069761
HDFCBANK,2021-03-05,1552.05,1530,0.985792983
HDFCBANK,2021-03-08,1530,1519.5,0.993137255
HDFCBANK,2021-03-09,1519.5,1562.5,1.028298782
HDFCBANK,2021-03-10,1562.5,1555.75,0.99568
HDFCBANK,2021-03-12,1555.75,1551.95,0.997557448
HDFCBANK,2021-03-15,1551.95,1528.65,0.98498663
HDFCBANK,2021-03-16,1528.65,1512.15,0.989206162
HDFCBANK,2021-03-17,1512.15,1495.35,0.988889991
HDFCBANK,2021-03-18,1495.35,1491,0.997090982
HDFCBANK,2021-03-19,1491,1497.5,1.00435949
HDFCBANK,2021-03-22,1497.5,1469.15,0.981068447
HDFCBANK,2021-03-23,1469.15,1500.15,1.021100636
HDFCBANK,2021-03-24,1500.15,1478.8,0.98576809
HDFCBANK,2021-03-25,1478.8,1463.35,0.98955234
HDFCBANK,2021-03-26,1463.35,1491.3,1.01910001
HDFCBANK,2021-03-30,1491.3,1553.7,1.041842688
HDFCBANK,2021-03-31,1553.7,1493.65,0.961350325
HDFCBANK,2021-04-01,1493.65,1486.75,0.995380444
HDFCBANK,2021-04-05,1486.75,1449.6,0.975012611
HDFCBANK,2021-04-06,1449.6,1440.25,0.993549945
HDFCBANK,2021-04-07,1440.25,1447.2,1.004825551
HDFCBANK,2021-04-08,1447.2,1432.8,0.990049751
HDFCBANK,2021-04-09,1432.8,1421.75,0.992287828
HDFCBANK,2021-04-12,1421.75,1367.05,0.961526288
HDFCBANK,2021-04-13,1367.05,1400.35,1.024359021
HDFCBANK,2021-04-15,1400.35,1430.1,1.021244689
HDFCBANK,2021-04-16,1430.1,1428.65,0.998986085
HDFCBANK,2021-04-19,1428.65,1412.4,0.988625626
HDFCBANK,2021-04-20,1412.4,1391.4,0.985131691
HDFCBANK,2021-04-22,1391.4,1422.5,1.022351588
HDFCBANK,2021-04-23,1422.5,1414.15,0.994130053
HDFCBANK,2021-04-26,1414.15,1404.8,0.993388254
HDFCBANK,2021-04-27,1404.8,1438.7,1.024131549
HDFCBANK,2021-04-28,1438.7,1476.8,1.026482241
HDFCBANK,2021-04-29,1476.8,1472.5,0.997088299
HDFCBANK,2021-04-30,1472.5,1412.3,0.959117148
HDFCBANK,2021-05-03,1412.3,1414.45,1.001522339
HDFCBANK,2021-05-04,1414.45,1388.35,0.981547598
HDFCBANK,2021-05-05,1388.35,1402.6,1.010263982
HDFCBANK,2021-05-06,1402.6,1400.9,0.998787965
HDFCBANK,2021-05-07,1400.9,1414.75,1.009886502
HDFCBANK,2021-05-10,1414.75,1419.85,1.003604877
HDFCBANK,2021-05-11,1419.85,1403.55,0.988519914
HDFCBANK,2021-05-12,1403.55,1399.5,0.99711446
HDFCBANK,2021-05-14,1399.5,1386.85,0.990961058
HDFCBANK,2021-05-17,1386.85,1440.25,1.038504525
HDFCBANK,2021-05-18,1440.25,1476.7,1.025308106
HDFCBANK,2021-05-19,1476.7,1458.2,0.987472066
HDFCBANK,2021-05-20,1458.2,1432.8,0.982581265
HDFCBANK,2021-05-21,1432.8,1497.3,1.04501675
HDFCBANK,2021-05-24,1497.3,1509.95,1.008448541
HDFCBANK,2021-05-25,1509.95,1478.95,0.979469519
HDFCBANK,2021-05-26,1478.95,1477.05,0.998715305
HDFCBANK,2021-05-27,1477.05,1482.65,1.003791341
HDFCBANK,2021-05-28,1482.65,1503.45,1.014028935
HDFCBANK,2021-05-31,1503.45,1515.85,1.008247697
HDFCBANK,2021-06-01,1515.85,1511.7,0.997262262
HDFCBANK,2021-06-02,1511.7,1504,0.994906397
HDFCBANK,2021-06-03,1504,1520.55,1.011003989
HDFCBANK,2021-06-04,1520.55,1500.95,0.987109927
HDFCBANK,2021-06-07,1500.95,1499.85,0.999267131
HDFCBANK,2021-06-08,1499.85,1483.05,0.98879888
HDFCBANK,2021-06-09,1483.05,1480.3,0.998145713
HDFCBANK,2021-06-10,1480.3,1481.05,1.000506654
HDFCBANK,2021-06-11,1481.05,1486.35,1.003578542
HDFCBANK,2021-06-14,1486.35,1479.45,0.995357756
HDFCBANK,2021-06-15,1479.45,1490.25,1.00730001
HDFCBANK,2021-06-16,1490.25,1484.6,0.99620869
HDFCBANK,2021-06-17,1484.6,1466.1,0.987538731
HDFCBANK,2021-06-18,1466.1,1479.8,1.009344519
HDFCBANK,2021-06-21,1479.8,1488.7,1.006014326
HDFCBANK,2021-06-22,1488.7,1483.8,0.996708538
HDFCBANK,2021-06-23,1483.8,1485.5,1.001145707
HDFCBANK,2021-06-24,1485.5,1506.25,1.013968361
HDFCBANK,2021-06-25,1506.25,1515.1,1.005875519
HDFCBANK,2021-06-28,1515.1,1508.35,0.995544849
HDFCBANK,2021-06-29,1508.35,1502.05,0.995823251
HDFCBANK,2021-06-30,1502.05,1497.9,0.997237109
HDFCBANK,2021-07-01,1497.9,1486.75,0.992556245
HDFCBANK,2021-07-02,1486.75,1480.4,0.995728939
HDFCBANK,2021-07-05,1480.4,1495.45,1.010166171
HDFCBANK,2021-07-06,1495.45,1534.7,1.02624628
HDFCBANK,2021-07-07,1534.7,1539.5,1.003127647
HDFCBANK,2021-07-08,1539.5,1520.45,0.987625853
HDFCBANK,2021-07-09,1520.45,1502,0.987865435
HDFCBANK,2021-07-12,1502,1487,0.990013316
HDFCBANK,2021-07-13,1487,1501.85,1.00998655
HDFCBANK,2021-07-14,1501.85,1499.15,0.998202217
HDFCBANK,2021-07-15,1499.15,1520.7,1.014374812
HDFCBANK,2021-07-16,1520.7,1522.35,1.001085027
HDFCBANK,2021-07-19,1522.35,1471,0.966269255
HDFCBANK,2021-07-20,1471,1443.15,0.981067301
HDFCBANK,2021-07-22,1443.15,1448.7,1.003845754
HDFCBANK,2021-07-23,1448.7,1442.75,0.995892869
HDFCBANK,2021-07-26,1442.75,1434.55,0.99431641
HDFCBANK,2021-07-27,1434.55,1439.75,1.00362483
HDFCBANK,2021-07-28,1439.75,1417.3,0.984407015
HDFCBANK,2021-07-29,1417.3,1418.25,1.000670289
HDFCBANK,2021-07-30,1418.25,1426.45,1.005781773
HDFCBANK,2021-08-02,1426.45,1422.65,0.997336044
HDFCBANK,2021-08-03,1422.65,1434.7,1.008470109
HDFCBANK,2021-08-04,1434.7,1465.3,1.021328501
HDFCBANK,2021-08-05,1465.3,1484.85,1.013341978
HDFCBANK,2021-08-06,1484.85,1492.65,1.005253056
HDFCBANK,2021-08-09,1492.65,1503.9,1.007536931
HDFCBANK,2021-08-10,1503.9,1507.65,1.002493517
HDFCBANK,2021-08-11,1507.65,1494.95,0.991576294
HDFCBANK,2021-08-12,1494.95,1501.4,1.004314526
HDFCBANK,2021-08-13,1501.4,1526.2,1.016517917
HDFCBANK,2021-08-16,1526.2,1530.6,1.002882977
HDFCBANK,2021-08-17,1530.6,1514.65,0.98957925
HDFCBANK,2021-08-18,1514.65,1513,0.998910639
HDFCBANK,2021-08-20,1513,1514.75,1.001156642
HDFCBANK,2021-08-23,1514.75,1524.6,1.006502723
HDFCBANK,2021-08-24,1524.6,1558.85,1.022464909
HDFCBANK,2021-08-25,1558.85,1557.4,0.999069827
HDFCBANK,2021-08-26,1557.4,1554.8,0.998330551
HDFCBANK,2021-08-27,1554.8,1548.45,0.995915873
HDFCBANK,2021-08-30,1548.45,1568.25,1.012786981
HDFCBANK,2021-08-31,1568.25,1581.4,1.008385143
HDFCBANK,2021-09-01,1581.4,1579.1,0.998545593
HDFCBANK,2021-09-02,1579.1,1589,1.006269394
HDFCBANK,2021-09-03,1589,1576.05,0.99185022
HDFCBANK,2021-09-06,1576.05,1565.7,0.993432949
HDFCBANK,2021-09-07,1565.7,1569.25,1.002267356
HDFCBANK,2021-09-08,1569.25,1576.4,1.004556317
HDFCBANK,2021-09-09,1576.4,1568.6,0.995052017
HDFCBANK,2021-09-13,1568.6,1555.55,0.991680479
HDFCBANK,2021-09-14,1555.55,1548.55,0.995499984
HDFCBANK,2021-09-15,1548.55,1546.8,0.998869911
HDFCBANK,2021-09-16,1546.8,1559.95,1.008501422
HDFCBANK,2021-09-17,1559.95,1582.15,1.014231225
HDFCBANK,2021-09-20,1582.15,1559.85,0.985905256
HDFCBANK,2021-09-21,1559.85,1551.95,0.99493541
HDFCBANK,2021-09-22,1551.95,1533.7,0.988240601
HDFCBANK,2021-09-23,1533.7,1570,1.023668253
HDFCBANK,2021-09-24,1570,1601.55,1.020095541
HDFCBANK,2021-09-27,1601.55,1625.1,1.014704505
HDFCBANK,2021-09-28,1625.1,1615.05,0.993815765
HDFCBANK,2021-09-29,1615.05,1593.85,0.986873471
HDFCBANK,2021-09-30,1593.85,1594.95,1.000690153
HDFCBANK,2021-10-01,1594.95,1582.7,0.992319508
HDFCBANK,2021-10-04,1582.7,1585.75,1.001927087
HDFCBANK,2021-10-05,1585.75,1595.45,1.006116979
HDFCBANK,2021-10-06,1595.45,1614.9,1.012190918
HDFCBANK,2021-10-07,1614.9,1610.5,0.997275373
HDFCBANK,2021-10-08,1610.5,1602.65,0.995125737
HDFCBANK,2021-10-11,1602.65,1633.8,1.019436558
HDFCBANK,2021-10-12,1633.8,1629.6,0.997429306
HDFCBANK,2021-10-13,1629.6,1639.4,1.006013746
HDFCBANK,2021-10-14,1639.4,1687.4,1.029279005
HDFCBANK,2021-10-18,1687.4,1670.3,0.989866066
HDFCBANK,2021-10-19,1670.3,1688.7,1.011015985
HDFCBANK,2021-10-20,1688.7,1673.85,0.991206253
HDFCBANK,2021-10-21,1673.85,1676.3,1.001463691
HDFCBANK,2021-10-22,1676.3,1680.75,1.002654656
HDFCBANK,2021-10-25,1680.75,1657,0.985869404
HDFCBANK,2021-10-26,1657,1652.75,0.997435124
HDFCBANK,2021-10-27,1652.75,1642.8,0.993979731
HDFCBANK,2021-10-28,1642.8,1593.6,0.970051132
HDFCBANK,2021-10-29,1593.6,1582.85,0.993254267
HDFCBANK,2021-11-01,1582.85,1605.3,1.014183277
HDFCBANK,2021-11-02,1605.3,1606.75,1.000903258
HDFCBANK,2021-11-03,1606.75,1581.45,0.984253929
HDFCBANK,2021-11-04,1581.45,1593.95,1.007904139
HDFCBANK,2021-11-08,1593.95,1600.25,1.003952445
HDFCBANK,2021-11-09,1600.25,1572.25,0.982502734
HDFCBANK,2021-11-10,1572.25,1555.25,0.98918747
HDFCBANK,2021-11-11,1555.25,1548.3,0.995531265
HDFCBANK,2021-11-12,1548.3,1553,1.003035587
HDFCBANK,2021-11-15,1553,1557.25,1.002736639
HDFCBANK,2021-11-16,1557.25,1548,0.994060042
HDFCBANK,2021-11-17,1548,1530.8,0.988888889
HDFCBANK,2021-11-18,1530.8,1539.4,1.005617978
HDFCBANK,2021-11-22,1539.4,1515.35,0.98437703
HDFCBANK,2021-11-23,1515.35,1515.55,1.000131983
HDFCBANK,2021-11-24,1515.55,1518.05,1.001649566
HDFCBANK,2021-11-25,1518.05,1525.95,1.005204045
HDFCBANK,2021-11-26,1525.95,1489.9,0.976375373
HDFCBANK,2021-11-29,1489.9,1501.25,1.007617961
HDFCBANK,2021-11-30,1501.25,1493.55,0.994870941
HDFCBANK,2021-12-01,1493.55,1504.65,1.007431957
HDFCBANK,2021-12-02,1504.65,1525.75,1.014023195
HDFCBANK,2021-12-03,1525.75,1513.55,0.992003932
HDFCBANK,2021-12-06,1513.55,1503.8,0.993558191
HDFCBANK,2021-12-07,1503.8,1525.7,1.014563107
HDFCBANK,2021-12-08,1525.7,1553.8,1.018417775
HDFCBANK,2021-12-09,1553.8,1526.85,0.982655425
HDFCBANK,2021-12-10,1526.85,1522.55,0.997183744
HDFCBANK,2021-12-13,1522.55,1511.15,0.992512561
HDFCBANK,2021-12-14,1511.15,1502.45,0.994242795
HDFCBANK,2021-12-15,1502.45,1500,0.99836933
HDFCBANK,2021-12-16,1500,1500.1,1.000066667
HDFCBANK,2021-12-17,1500.1,1473.05,0.981967869
HDFCBANK,2021-12-20,1473.05,1425.65,0.967821866
HDFCBANK,2021-12-21,1425.65,1441.8,1.011328166
HDFCBANK,2021-12-22,1441.8,1445.2,1.002358163
HDFCBANK,2021-12-23,1445.2,1444.1,0.99923886
HDFCBANK,2021-12-24,1444.1,1438.9,0.996399141
HDFCBANK,2021-12-27,1438.9,1450.8,1.008270206
HDFCBANK,2021-12-28,1450.8,1460.8,1.006892749
HDFCBANK,2021-12-29,1460.8,1453.85,0.995242333
HDFCBANK,2021-12-30,1453.85,1461.5,1.005261891
HDFCBANK,2021-12-31,1461.5,1479.4,1.012247691
HDFCBANK,2022-01-03,1479.4,1519.65,1.027206976
HDFCBANK,2022-01-04,1519.65,1528.55,1.005856612
HDFCBANK,2022-01-05,1528.55,1564.85,1.023747996
HDFCBANK,2022-01-06,1564.85,1539.75,0.983960124
HDFCBANK,2022-01-07,1539.75,1550.55,1.007014126
HDFCBANK,2022-01-10,1550.55,1559.15,1.005546419
HDFCBANK,2022-01-11,1559.15,1565.9,1.004329282
HDFCBANK,2022-01-12,1565.9,1556.65,0.994092854
HDFCBANK,2022-01-13,1556.65,1528,0.981595092
HDFCBANK,2022-01-14,1528,1545.15,1.011223822
HDFCBANK,2022-01-17,1545.15,1521.5,0.984694043
HDFCBANK,2022-01-18,1521.5,1529.25,1.005093658
HDFCBANK,2022-01-19,1529.25,1518.45,0.992937715
HDFCBANK,2022-01-20,1518.45,1509,0.993776548
HDFCBANK,2022-01-21,1509,1521.6,1.008349901
HDFCBANK,2022-01-24,1521.6,1486.65,0.977030757
HDFCBANK,2022-01-25,1486.65,1488.05,1.000941715
HDFCBANK,2022-01-27,1488.05,1474.95,0.991196532
HDFCBANK,2022-01-28,1474.95,1463.25,0.992067528
HDFCBANK,2022-01-31,1463.25,1485.7,1.015342559
HDFCBANK,2022-02-01,1485.7,1497,1.007605842
HDFCBANK,2022-02-02,1497,1531.2,1.022845691
HDFCBANK,2022-02-03,1531.2,1515.35,0.989648642
HDFCBANK,2022-02-04,1515.35,1524,1.005708252
HDFCBANK,2022-02-07,1524,1468.15,0.963353018
HDFCBANK,2022-02-08,1468.15,1461.85,0.995708885
HDFCBANK,2022-02-09,1461.85,1497.6,1.024455313
HDFCBANK,2022-02-10,1497.6,1525.1,1.018362714
HDFCBANK,2022-02-11,1525.1,1518.85,0.995901908
HDFCBANK,2022-02-14,1518.85,1473.7,0.970273562
HDFCBANK,2022-02-15,1473.7,1517.8,1.029924679
HDFCBANK,2022-02-16,1517.8,1515.75,0.998649361
HDFCBANK,2022-02-17,1515.75,1506.5,0.993897411
HDFCBANK,2022-02-18,1506.5,1512.35,1.003883173
HDFCBANK,2022-02-21,1512.35,1522.1,1.00644692
HDFCBANK,2022-02-22,1522.1,1510.7,0.992510348
HDFCBANK,2022-02-23,1510.7,1500.9,0.993512941
HDFCBANK,2022-02-24,1500.9,1419.4,0.945699247
HDFCBANK,2022-02-25,1419.4,1456.1,1.025855995
HDFCBANK,2022-02-28,1456.1,1426.25,0.979500034
HDFCBANK,2022-03-02,1426.25,1374.25,0.963540754
HDFCBANK,2022-03-03,1374.25,1371,0.997635074
HDFCBANK,2022-03-04,1371,1366.5,0.996717724
HDFCBANK,2022-03-07,1366.5,1324.8,0.969484083
HDFCBANK,2022-03-08,1324.8,1327.8,1.002264493
HDFCBANK,2022-03-09,1327.8,1371.15,1.032647989
HDFCBANK,2022-03-10,1371.15,1392.7,1.015716734
HDFCBANK,2022-03-11,1392.7,1396.8,1.002943922
HDFCBANK,2022-03-14,1396.8,1442.55,1.032753436
HDFCBANK,2022-03-15,1442.55,1424,0.987140827
HDFCBANK,2022-03-16,1424,1448.15,1.01695927
HDFCBANK,2022-03-17,1448.15,1480.05,1.022028105
HDFCBANK,2022-03-21,1480.05,1486.5,1.004357961
HDFCBANK,2022-03-22,1486.5,1494.15,1.005146317
HDFCBANK,2022-03-23,1494.15,1479.25,0.990027775
HDFCBANK,2022-03-24,1479.25,1442.65,0.975257732
HDFCBANK,2022-03-25,1442.65,1430.9,0.991855266
HDFCBANK,2022-03-28,1430.9,1432.8,1.001327836
HDFCBANK,2022-03-29,1432.8,1451.8,1.013260748
HDFCBANK,2022-03-30,1451.8,1476.95,1.017323323
HDFCBANK,2022-03-31,1476.95,1470.35,0.995531331
HDFCBANK,2022-04-01,1470.35,1506,1.024245928
HDFCBANK,2022-04-04,1506,1656.8,1.100132802
