Date,Ratio_a (HDFCLTD),Ratio_b (HDFCBANK)
2015-01-01,0.989523726,1.000472888
2015-01-02,1.042615658,1.013917336
2015-01-05,0.986773615,0.991557029
2015-01-06,0.952914217,0.984432952
2015-01-07,0.997549798,1.002918546
2015-01-08,1.021924039,1.021005291
2015-01-09,0.991053545,1.01119345
2015-01-12,1.013698015,0.991185364
2015-01-13,0.994373311,0.996173931
2015-01-14,0.998306897,1.000570924
2015-01-15,1.073417835,1.030345472
2015-01-16,0.99334747,1.008256557
2015-01-19,0.989242811,1.003195686
2015-01-20,1.059109757,1.016325718
2015-01-21,1.028484679,0.99902052
2015-01-22,0.994134556,1.001274572
2015-01-23,1.008166295,1.021101591
2015-01-27,1.019959693,1.029967395
2015-01-28,1.021848995,0.985382431
2015-01-29,0.978395062,1.034629376
2015-01-30,0.959674661,0.983881279
2015-02-02,1.005386139,1.003944865
2015-02-03,0.969156228,0.983820266
2015-02-04,1.001869691,1.003383141
2015-02-05,1.011359487,1.008242016
2015-02-06,1.027357696,0.978634464
2015-02-09,0.993284136,0.987280494
2015-02-10,0.979716184,1.01379675
2015-02-11,0.999719135,1.003746029
2015-02-12,1.005980093,1.016628874
2015-02-13,1.012288051,0.990520446
2015-02-16,1.015252434,1.001641959
2015-02-18,1.031521739,1.006791251
2015-02-19,1.018703899,1.004652028
2015-02-20,0.985001293,0.993748842
2015-02-23,0.983572741,0.994827827
2015-02-24,0.999351764,1.000140515
2015-02-25,1.023008242,0.985763125
2015-02-26,1.003841707,0.986412656
2015-02-27,1.001263283,1.015267543
2015-02-28,0.990908416,1.016318786
2015-03-02,1.003595102,1.010595594
2015-03-03,1.020970932,1.000738996
2015-03-04,0.999744161,0.983338718
2015-03-05,1.019814287,1.018586314
2015-03-09,0.981036708,0.975946917
2015-03-10,0.959111338,0.993909348
2015-03-11,1.007886315,1.003705287
2015-03-12,1.007635608,0.998248852
2015-03-13,0.996398695,0.98866869
2015-03-16,0.983170814,1.008535942
2015-03-17,1.025848204,1.006181351
2015-03-18,0.987009593,1.005198242
2015-03-19,1.004273666,0.989328193
2015-03-20,1.008096709,1.003516442
2015-03-23,1.005416713,0.992281466
2015-03-24,1.009771866,0.990646624
2015-03-25,0.996835559,0.996435281
2015-03-26,0.947694806,0.973604061
2015-03-27,0.983641038,1.007646854
2015-03-30,1.034449988,1.021928744
2015-03-31,1.007273006,0.986305333
2015-04-01,1.016227103,1.010315831
2015-04-06,0.995175947,0.998741834
2015-04-07,0.998572073,1.000775231
2015-04-08,0.978174155,1.002711208
2015-04-09,1.002577518,1.019844527
2015-04-10,0.990253636,0.987264464
2015-04-13,1.011547255,0.996307486
2015-04-15,0.988661176,0.993117058
2015-04-16,1.012669999,0.998061358
2015-04-17,0.999923477,0.988928277
2015-04-20,0.970880845,0.987085686
2015-04-21,0.991723486,0.997910656
2015-04-22,1.015141279,1.010069791
2015-04-23,0.999099593,1.000394828
2015-04-24,0.975784648,0.993043907
2015-04-27,0.973175923,0.999006409
2015-04-28,1.01361667,0.999104878
2015-04-29,0.977936088,0.988651635
2015-04-30,0.97406652,0.995619997
2015-05-04,1.027521368,1.012287621
2015-05-05,0.981824988,0.986712623
2015-05-06,0.985809294,0.982736799
2015-05-07,0.991964593,0.980115393
2015-05-08,1.026943903,1.032271628
2015-05-11,1.034378032,1.008452138
2015-05-12,0.971658103,0.981470262
2015-05-13,1.023544718,1.018828129
2015-05-14,0.992045268,1.000807877
2015-05-15,1.02033562,0.999041421
2015-05-18,1.024305274,1.01994748
2015-05-19,0.981214902,0.997722434
2015-05-20,1.023779775,1.016376358
2015-05-21,0.988898075,1.000634735
2015-05-22,1.025558342,0.999609642
2015-05-25,0.972516595,0.999267793
2015-05-26,0.990260647,1.003761419
2015-05-27,0.999556613,1.010463305
2015-05-28,0.991410598,0.991571546
2015-05-29,1.005531828,1.020545949
2015-06-01,1.009465637,0.986340488
2015-06-02,0.964215588,0.973557228
2015-06-03,0.999792203,0.996778351
2015-06-04,1.010932369,1.009348118
2015-06-05,0.987952303,0.996847135
2015-06-08,0.979523037,0.991796392
2015-06-09,1.010240068,0.998405501
2015-06-10,1.001472073,1.013724609
2015-06-11,0.977951367,0.98483655
2015-06-12,1.022416903,1.00894821
2015-06-15,1.020287298,0.996085815
2015-06-16,0.987238072,1.003183446
2015-06-17,1.001542888,0.996330821
2015-06-18,1.010325589,1.014830298
2015-06-19,1.019409874,1.010690467
2015-06-22,1.02805514,1.016157205
2015-06-23,1.01073493,1.004727116
2015-06-24,0.998988484,0.994011976
2015-06-25,1.019432978,1.018359151
2015-06-26,0.983955381,0.997981221
2015-06-29,0.998175253,0.994166627
2015-06-30,1.008518086,1.009937065
2015-07-01,0.997107486,1.004872792
2015-07-02,0.99419819,0.986804681
2015-07-03,1.024004046,1.015167265
2015-07-06,1.001177767,1.008610659
2015-07-07,1.014951427,1.003091832
2015-07-08,0.964667614,0.983438377
2015-07-09,0.996317972,1.004865042
2015-07-10,0.998482844,1.015548624
2015-07-13,1.031480111,1.004950722
2015-07-14,0.995958451,0.996077179
2015-07-15,1.016497269,1.004442002
2015-07-16,1.014587919,1.016412875
2015-07-17,0.975693168,0.996277025
2015-07-20,0.991482305,1.004232137
2015-07-21,0.997149048,0.984577449
2015-07-22,1.026036901,1.014890032
2015-07-23,1.003566784,0.994167265
2015-07-24,1.0060716,0.99995487
2015-07-27,0.98325667,0.989168209
2015-07-28,0.976347305,1.011543551
2015-07-29,1.005864765,0.999864682
2015-07-30,1.018101444,1.001984933
2015-07-31,1.003443629,1.0009905
2015-08-03,0.988025962,0.98538209
2015-08-04,0.983463586,0.991829469
2015-08-05,1,1.005292466
2015-08-06,1.001074897,1.003433437
2015-08-07,0.995858419,0.996988914
2015-08-10,1.005429551,1.001830412
2015-08-11,0.988625048,1.000045677
2015-08-12,0.977763143,0.977847812
2015-08-13,0.996037878,1.006632725
2015-08-14,1.034209794,1.022504756
2015-08-17,0.984345552,0.990651661
2015-08-18,0.989449828,0.995281722
2015-08-19,0.992259695,0.995857689
2015-08-20,0.994905675,0.993390951
2015-08-21,0.982758621,0.987531404
2015-08-24,0.950665527,0.960190333
2015-08-25,0.980989082,0.999411216
2015-08-26,0.962288857,0.995139673
2015-08-27,1.083049848,1.008485446
2015-08-28,1.006700729,1.00572351
2015-08-31,0.986895748,0.999513595
2015-09-01,0.975761919,0.9733807
2015-09-02,0.970407811,0.995050495
2015-09-03,1.043538263,1.015223836
2015-09-04,0.97401988,0.985895279
2015-09-07,1.01178171,0.988353998
2015-09-08,1.013852214,1.019909594
2015-09-09,1.013321378,1.012200588
2015-09-10,0.979859268,0.994785004
2015-09-11,1.011696409,0.99950544
2015-09-14,1.007098228,1.009104404
2015-09-15,0.995906137,0.993576542
2015-09-16,1.013984829,1.010067611
2015-09-18,1.008943871,1.025797625
2015-09-21,1.000207117,1.003048345
2015-09-22,0.967945001,0.978821407
2015-09-23,0.997732329,1.017998351
2015-09-24,1.013636948,1.002096836
2015-09-28,0.991792529,0.995244436
2015-09-29,1.038092394,1.017584098
2015-09-30,0.996671598,1.003756574
2015-10-01,0.986683158,0.998924027
2015-10-05,1.050434565,1.028754742
2015-10-06,1.006563507,0.988710338
2015-10-07,1.009682264,1.001657535
2015-10-08,1.000508826,0.995725121
2015-10-09,1.010640795,1.002815991
2015-10-12,0.983393977,0.994844174
2015-10-13,1.006652234,0.996113091
2015-10-14,1.012082584,1.007804153
2015-10-15,1.000424989,0.999446877
2015-10-16,1.013053217,1.014665867
2015-10-19,1.002859103,0.997954638
2015-10-20,0.997833276,0.997358353
2015-10-21,1.00247619,1.000091333
2015-10-23,1.016834505,1.012328767
2015-10-26,0.981164512,0.99368516
2015-10-27,0.971356746,1.008533818
2015-10-28,0.993333856,1.000540103
2015-10-29,0.998460445,0.992847503
2015-10-30,0.993832286,0.996420642
2015-11-02,0.971516092,0.984994543
2015-11-03,1.000286639,1.001661896
2015-11-04,0.998976584,0.997050419
2015-11-05,0.988280129,0.998289729
2015-11-06,0.999626819,1.000972357
2015-11-09,0.987846358,0.985105005
2015-11-10,0.983707747,0.990420736
2015-11-11,1.005164981,0.999810355
2015-11-13,1.001146594,0.997771244
2015-11-16,0.999703075,1.008459674
2015-11-17,1.018966395,0.999858617
2015-11-18,0.981636477,0.988499246
2015-11-19,1.030117927,1.019359146
2015-11-20,0.993040685,1.001824305
2015-11-23,0.987891354,0.995517579
2015-11-24,1.02333879,0.998405328
2015-11-26,1.003035399,0.999624184
2015-11-27,1.00650227,1.014521359
2015-11-30,0.984235332,0.998471373
2015-12-01,1.011145971,1.00487126
2015-12-02,0.989425982,0.995198523
2015-12-03,0.990468331,0.999025793
2015-12-04,0.976170638,0.983422336
2015-12-07,1.011095937,1.002880348
2015-12-08,0.988983623,0.988040868
2015-12-09,0.984379668,0.998284489
2015-12-10,1.025189681,1.012554299
2015-12-11,0.993614142,0.986564209
2015-12-14,1.011321558,1.008314617
2015-12-15,1.015571735,1.004170418
2015-12-16,1.01056732,1.007409505
2015-12-17,1.01775609,1.012133421
2015-12-18,0.987026069,0.993288591
2015-12-21,1.006123199,1.002236719
2015-12-22,0.996673023,0.991677515
2015-12-23,1.008915123,1.007173332
2015-12-24,0.992212718,0.999906899
2015-12-28,0.998454719,1.003026071
2015-12-29,1.005416853,1.000649803
2015-12-30,0.999513895,0.996613943
2015-12-31,1.024357623,1.007307084
2016-01-01,0.995806133,1.00609897
2016-01-04,0.966824268,0.983237658
2016-01-05,0.994000164,0.992433442
2016-01-06,0.999917314,1.004423946
2016-01-07,0.975316299,0.9897854
2016-01-08,0.995718343,1.005822761
2016-01-11,0.989058243,0.99647009
2016-01-12,0.99164909,0.988994899
2016-01-13,1.013717064,1.012608052
2016-01-14,0.992848885,0.990190067
2016-01-15,0.9918054,0.992760181
2016-01-18,0.984345103,0.984359257
2016-01-19,1.018731225,1.009699274
2016-01-20,0.985819601,0.983104846
2016-01-21,0.99511723,1.004615536
2016-01-22,1.024180002,1.007135875
2016-01-25,1.013941042,1.010530913
2016-01-27,0.996041206,0.99471738
2016-01-28,0.98102483,0.99618597
2016-01-29,1.028098453,1.017592323
2016-02-01,1.000042373,1.009429919
2016-02-02,0.999788145,0.994385468
2016-02-03,0.984022716,0.990557981
2016-02-04,1.00637409,1.005125257
2016-02-05,1.012496255,1.005766298
2016-02-08,0.984065261,0.981615731
2016-02-09,0.996392063,0.990539171
2016-02-10,0.962626088,0.987232591
2016-02-11,0.955308764,0.962831334
2016-02-12,1.0160315,0.99600123
2016-02-15,0.996955017,1.002264772
2016-02-16,0.996945717,0.999845933
2016-02-17,0.999210881,1.001489547
2016-02-18,0.993310415,1.014924608
2016-02-19,0.992283229,0.999848401
2016-02-22,0.997690531,0.999444051
2016-02-23,0.993102797,0.981087231
2016-02-24,0.972409856,0.978918612
2016-02-25,1.020105665,0.992681129
2016-02-26,1.010597995,1.019466398
2016-02-29,1.006263642,1.011290323
2016-03-01,1.008629633,1.012656274
2016-03-02,1.028145308,1.023421226
2016-03-03,1.022372789,1.008588165
2016-03-04,1.004314371,1.004626667
2016-03-08,1.015456156,0.993728872
2016-03-09,0.98447381,1.010501405
2016-03-10,1.021707349,0.996535909
2016-03-11,1.006373846,1.007294982
2016-03-14,0.998448944,0.998882084
2016-03-15,0.959135238,0.99917279
2016-03-16,1.013137176,1.003652479
2016-03-17,0.984102314,0.98830608
2016-03-18,1.019177835,1.009819324
2016-03-21,1.019436819,1.01672501
2016-03-22,1.014636265,1.007890207
2016-03-23,0.995419913,0.995729943
2016-03-28,0.983315416,0.998237004
2016-03-29,0.984606638,1.00601432
2016-03-30,0.9907173,1.010580755
2016-03-31,0.991302788,1.00582187
2016-04-01,1.007054993,0.99374504
2016-04-04,0.991287947,1.004321481
2016-04-05,0.999773489,0.989149245
2016-04-06,0.998731252,1.003829968
2016-04-07,0.971689125,0.994347621
2016-04-08,1.008124387,1.00364756
2016-04-11,1.000231578,1.010950111
2016-04-12,1.009909242,0.992576684
2016-04-13,1.022420908,1.017638758
2016-04-18,1.015650926,1.005592789
2016-04-20,1.006711409,1.009238831
2016-04-21,1.008859649,0.993897163
2016-04-22,0.984175289,1.000916464
2016-04-25,0.982418942,1.001007188
2016-04-26,1.013758993,1.0188429
2016-04-27,0.994854963,1.009292095
2016-04-28,0.967944717,0.990882405
2016-04-29,1.002671457,1.016517797
2016-05-02,1.003169645,0.987018148
2016-05-03,1.007051928,1.000313157
2016-05-04,1.027555475,1.008363148
2016-05-05,1.028984866,1.004390828
2016-05-06,1.004429536,0.988828049
2016-05-09,1.030655934,1.019425713
2016-05-10,1.01242107,1.00306641
2016-05-11,0.98789545,0.994672024
2016-05-12,0.993395913,1.009044608
2016-05-13,0.975038675,0.992863981
2016-05-16,1.017538593,1.019195372
2016-05-17,1.026465506,0.991959064
2016-05-18,0.9920762,0.988902857
2016-05-19,0.973224632,0.998816464
2016-05-20,1.00314666,1.001404371
2016-05-23,0.983637828,0.996362521
2016-05-24,1.01077354,1.002815043
2016-05-25,1.029247495,1.029255669
2016-05-26,1.017563481,1.008480355
2016-05-27,1.022226745,1.003000211
2016-05-30,0.982796384,0.994059656
2016-05-31,1.003039021,1.00182242
2016-06-01,1.004484124,0.994288857
2016-06-02,1.013915142,0.999829809
2016-06-03,0.99551783,0.99727648
2016-06-06,0.997410152,0.999445274
2016-06-07,0.999720369,1.002220135
2016-06-08,1.008950691,0.990542728
2016-06-09,0.98019802,0.997247549
2016-06-10,0.994262626,1.001681904
2016-06-13,0.979640767,0.992723985
2016-06-14,0.994068113,0.999089253
2016-06-15,1.005800367,1.015366584
2016-06-16,0.996514957,0.99367278
2016-06-17,1.021940963,1.006754722
2016-06-20,1.000203699,1.001752137
2016-06-21,1.008635086,0.995392688
2016-06-22,1.000161531,1.004157202
2016-06-23,1.005773812,1.015877081
2016-06-24,0.981734243,0.976304512
2016-06-27,0.993334696,0.998321714
2016-06-28,1.011773423,1.006034743
2016-06-29,1.01598991,1.001156862
2016-06-30,1.004044692,1.006975948
2016-07-01,0.991025846,0.998342471
2016-07-04,1.011188473,0.998552576
2016-07-05,1.003542289,0.993860846
2016-07-07,1.023677322,1.017201441
2016-07-08,0.997171748,0.990891072
2016-07-11,1.021136063,1.021194195
2016-07-12,1.0149532,1.002000417
2016-07-13,0.997525773,0.996339891
2016-07-14,1.004885565,1.002170737
2016-07-15,1.020307416,1.01945266
2016-07-18,0.986987757,1.003064477
2016-07-19,0.994206558,0.992586256
2016-07-20,0.996936984,1.011367834
2016-07-21,0.998838473,0.997078396
2016-07-22,1.018080876,1.001790656
2016-07-25,1.018422992,1.013121547
2016-07-26,0.98947178,0.993464052
2016-07-27,1.014808585,0.998506619
2016-07-28,1.010412913,1.009297061
2016-07-29,0.980280284,0.998197765
2016-08-01,0.999854493,0.996870486
2016-08-02,0.976606272,1.000804959
2016-08-03,0.987557278,0.997707713
2016-08-04,0.996001358,1.000443387
2016-08-05,1.016626898,1.006647865
2016-08-08,1.018888309,1.000280168
2016-08-09,0.982120004,0.998079385
2016-08-10,0.99564408,0.983723541
2016-08-11,1.00845081,1.001100334
2016-08-12,1.024991657,1.000366375
2016-08-16,0.982925153,0.998860584
2016-08-17,1.006146259,1.006192455
2016-08-18,1.00541371,1.014252166
2016-08-19,0.996434548,0.995688623
2016-08-22,1.005951512,1.002565953
2016-08-23,0.998257776,1.000919779
2016-08-24,1.005599389,1.008270406
2016-08-25,0.981668294,0.997424314
2016-08-26,1.006519337,0.99884788
2016-08-29,1.006696674,0.984885848
2016-08-30,1.012068339,1.024674905
2016-08-31,1.009589828,1.0177748
2016-09-01,1.013732257,0.99419145
2016-09-02,1.010107036,1.001090597
2016-09-06,1.013132752,1.011905688
2016-09-07,0.978807311,0.98950323
2016-09-08,1.007462425,1.002059452
2016-09-09,0.981116984,1.000775555
2016-09-12,0.99177684,0.991862988
2016-09-14,0.99510382,0.9918353
2016-09-15,1.012821434,1.007995589
2016-09-16,0.990993227,1.014262269
2016-09-19,0.996743837,0.994067111
2016-09-20,1.000215393,0.998682324
2016-09-21,0.999461632,1.003531375
2016-09-22,1.015010594,1.010750193
2016-09-23,1.008384928,1.004437983
2016-09-26,0.99112343,0.987392397
2016-09-27,1.004566533,1.00146588
2016-09-28,1.003277187,0.997842918
2016-09-29,0.984440308,0.986296082
2016-09-30,0.994327101,0.996360078
2016-10-03,1.023000466,1.011273913
2016-10-04,1.004840407,1.001825668
2016-10-05,0.993542307,0.997324648
2016-10-06,1.0020026,0.99677319
2016-10-07,0.984361851,0.998946917
2016-10-10,0.991273064,1.002928315
2016-10-13,0.962233641,0.983182154
2016-10-14,0.982933752,0.999247674
2016-10-17,0.989286121,0.980900301
2016-10-18,1.040938592,1.016280197
2016-10-19,0.990333887,1.000397504
2016-10-20,1.013262303,0.997735129
2016-10-21,0.982793485,1.01210673
2016-10-24,1.005574053,0.99437318
2016-10-25,0.997098214,0.989513672
2016-10-26,0.995933139,0.991202111
2016-10-27,1.032892519,1.010328411
2016-10-28,1.009539008,1.005550675
2016-10-30,0.989796652,0.995433065
2016-11-01,1.028820327,1.005186308
2016-11-02,0.990932825,0.989164947
2016-11-03,0.998041799,1.00706175
2016-11-04,0.988976884,0.991035499
2016-11-07,0.996573242,1.004623301
2016-11-08,1.007202838,1.003881708
2016-11-09,0.970855644,0.997568365
2016-11-10,0.980567071,1.021818182
2016-11-11,0.957570496,0.997849126
2016-11-15,0.966413056,0.983500549
2016-11-16,1.024189272,0.991711496
2016-11-17,0.995857894,0.988628601
2016-11-18,0.999680051,0.984717932
2016-11-21,0.977716435,0.989516262
2016-11-22,1.022709604,0.999457746
2016-11-23,0.981755621,0.988898627
2016-11-24,0.992460673,0.983751846
2016-11-25,1.021681107,1.02042042
2016-11-28,1.002130139,0.995921971
2016-11-29,1.00729927,0.99518764
2016-11-30,1.005813028,1.017688229
2016-12-01,1.00546275,0.998041014
2016-12-02,0.973858268,0.993192733
2016-12-05,0.982818564,1.006097048
2016-12-06,1.022911439,0.998411836
2016-12-07,1.01733151,0.989241911
2016-12-08,1.019684573,1.015148951
2016-12-09,0.983253867,0.998999583
2016-12-12,0.99704317,0.988441959
2016-12-13,1.011111111,1.001519693
2016-12-14,0.990614368,0.991106428
2016-12-15,0.994196834,1.000765501
2016-12-16,1.007901842,1.004844467
2016-12-19,0.98325651,0.99530576
2016-12-20,0.990103374,1.004376461
2016-12-21,1.000040468,0.998392419
2016-12-22,0.985270314,0.994152542
2016-12-23,1.006119599,1.011209616
2016-12-26,0.995632118,0.990516333
2016-12-27,1.010373104,1.008680851
2016-12-28,1.004707219,1.001307796
2016-12-29,1.015549901,1.015546661
2016-12-30,1.004295259,1.000829738
2017-01-02,0.96396325,0.992455646
2017-01-03,0.997452962,0.993985465
2017-01-04,0.998434926,0.99630221
2017-01-05,1.004207574,1.000590468
2017-01-06,1.004231022,1.00628056
2017-01-09,1.000981716,1.001298538
2017-01-10,0.994851048,1.016022423
2017-01-11,1.010515506,1.016181496
2017-01-12,0.992723873,1.000810373
2017-01-13,1.021619851,0.997975709
2017-01-16,1.00753507,1.012292089
2017-01-17,0.991168749,0.992666212
2017-01-18,1.002608765,1.003310456
2017-01-19,0.994675954,0.994929986
2017-01-20,0.995895042,1.000040443
2017-01-23,1.018144347,1.006713309
2017-01-24,1.016669974,1.018398747
2017-01-25,1.044231895,1.018184687
2017-01-27,1.027142216,1.001007283
2017-01-30,0.99868967,0.994620327
2017-01-31,0.995590058,1.001323009
2017-02-01,1.033861698,1.014805891
2017-02-02,0.992351816,0.994638891
2017-02-03,0.997252551,1.00950951
2017-02-06,1.002039429,1.00232638
2017-02-07,1.004963222,0.994711209
2017-02-08,0.995629774,0.998852465
2017-02-09,0.997002355,0.993872784
2017-02-10,0.994022478,1.004585212
2017-02-13,1.002520615,1.005062903
2017-02-14,1.004382027,1.000686918
2017-02-15,1.000715231,1.008466173
2017-02-16,0.99599757,1.004310997
2017-02-17,1.006422446,1.037013329
2017-02-20,0.993440285,1.023274391
2017-02-21,1.013744348,1.00457739
2017-02-22,0.98700839,0.988414397
2017-02-23,0.993974607,0.99653361
2017-02-27,0.992783431,0.999497956
2017-02-28,0.995893,0.997488519
2017-03-01,1.022261961,1.001115028
2017-03-02,0.998893292,0.991700499
2017-03-03,0.980128663,0.997753786
2017-03-06,0.996171237,1.002723312
2017-03-07,0.99959735,1.00394713
2017-03-08,1.001684488,1.00432838
2017-03-09,1.002778387,1.001436575
2017-03-10,1.001676996,1.004231818
2017-03-14,1.036650167,1.007570888
2017-03-15,1.001369238,1.004182321
2017-03-16,1.016934296,1.000529437
2017-03-17,1.000655059,1.005997107
2017-03-20,1.004513506,1.007188694
2017-03-21,1.000445893,1.003377202
2017-03-22,0.988960505,0.993025435
2017-03-23,1.009949386,1
2017-03-24,1.004084715,0.995422461
2017-03-27,1.008272939,0.989819918
2017-03-28,1.019936258,1.007341207
2017-03-29,1.011934047,1.00591466
2017-03-30,0.998620282,1.026319474
2017-03-31,0.988256193,0.983869868
2017-04-03,1.021003928,0.993518422
2017-04-05,0.971636293,0.999406922
2017-04-06,0.994933396,1.004293643
2017-04-07,1.001450155,1.000243309
2017-04-10,0.988381882,0.996733502
2017-04-11,1.00637138,1.003730433
2017-04-12,0.993093408,1.00291768
2017-04-13,1.005625064,0.99764494
2017-04-17,1.003152756,0.997569951
2017-04-18,1.000337941,1.007307906
2017-04-19,1.006857876,1.001174601
2017-04-20,1.018051268,1.009075224
2017-04-21,0.99363918,1.023561194
2017-04-24,1.015423397,1.024355205
2017-04-25,1.011563337,1.002609178
2017-04-26,1.024283131,1.008848118
2017-04-27,0.987704918,1.011575791
2017-04-28,0.981263964,0.985911003
2017-05-02,1.030966399,0.996184934
2017-05-03,0.991512857,1.002401662
2017-05-04,0.995576911,0.993848346
2017-05-05,0.988813245,0.998305968
2017-05-08,0.988783657,1.001696906
2017-05-09,0.996077149,1.000618973
2017-05-10,1.031834591,1.01045092
2017-05-11,0.995737913,0.99652017
2017-05-12,0.990097745,1.003394982
2017-05-15,1.006258872,1.001127832
2017-05-16,1.00452068,1.004023432
2017-05-17,0.991031247,0.998397076
2017-05-18,0.990048309,0.99996789
2017-05-19,0.989297681,1.002665211
2017-05-22,0.999506774,1.009447558
2017-05-23,0.994506037,0.995621827
2017-05-24,1.008832286,0.998502326
2017-05-25,1.009771453,1.032168502
2017-05-26,1.005293067,1.005472591
2017-05-29,1.032915563,1.003628536
2017-05-30,0.987897551,0.998253569
2017-05-31,0.993890472,1.004389061
2017-06-01,1.008854349,0.995355091
2017-06-02,1.013196527,1.003469237
2017-06-05,1.000934783,1.000795472
2017-06-06,0.999750957,1.002078811
2017-06-07,0.996014324,1.001128771
2017-06-08,1.021383687,1.002407362
2017-06-09,1.008356034,1.013406293
2017-06-12,1.000182127,1.001169906
2017-06-13,1.012230653,1.004764045
2017-06-14,0.990075855,0.996719747
2017-06-15,0.99136939,0.995901149
2017-06-16,1.002443718,1.002944092
2017-06-19,1.008136027,1.01416804
2017-06-20,0.986277355,0.99624904
2017-06-21,0.998007968,1.007204056
2017-06-22,1.015691694,0.99958792
2017-06-23,0.998518563,0.98860424
2017-06-27,0.99981833,0.993447115
2017-06-28,0.986644862,0.999280425
2017-06-29,1.001964395,0.997959735
2017-06-30,0.989431442,0.993385647
2017-07-03,1.004148735,1.003964771
2017-07-04,1.011716462,0.99683468
2017-07-05,0.992960107,0.99721777
2017-07-06,1.011540114,1.005701289
2017-07-07,0.988621882,1.00545789
2017-07-10,1.005954025,1.005488244
2017-07-11,1.002379717,1.002415963
2017-07-12,0.998295541,1.000505832
2017-07-13,1.010335681,1.00136803
2017-07-14,0.994447462,0.997861661
2017-07-17,1.002822116,1.001428614
2017-07-18,1.000393379,1.000713288
2017-07-19,1.001119177,1.005197351
2017-07-20,0.997673505,1.010990959
2017-07-21,0.99391278,0.995411772
2017-07-24,0.994698193,1.018819177
2017-07-25,0.99987747,1.002622327
2017-07-26,1.000857817,1.004541143
2017-07-27,1.058006061,1.02409087
2017-07-28,1.033069089,0.993769732
2017-07-31,1.002184446,1.003317402
2017-08-01,0.994327232,1.00717328
2017-08-02,0.992861559,0.996911863
2017-08-03,0.983214447,0.993469707
2017-08-04,0.996890744,1.005786679
2017-08-07,0.996563375,0.999050412
2017-08-08,0.996812333,0.994045456
2017-08-09,1.006831793,0.992434895
2017-08-10,0.987381977,0.997733005
2017-08-11,0.991548719,0.993524383
2017-08-14,1.010971186,1.004659672
2017-08-16,1.016219843,1.013686547
2017-08-17,1.010047366,0.991101754
2017-08-18,0.986244138,0.992494619
2017-08-21,1.001786692,0.99489199
2017-08-22,1.007047723,1.002179899
2017-08-23,1.008483775,1.014567831
2017-08-24,0.995524713,0.994386301
2017-08-28,1.005178251,0.999858156
2017-08-29,0.978119958,0.990863952
2017-08-30,1.018086584,1.012828222
2017-08-31,1.010147523,1.004466936
2017-09-01,0.990235804,0.995018154
2017-09-04,0.997641442,0.990552161
2017-09-05,1.006779082,1.00254155
2017-09-06,1.004356929,1.002592076
2017-09-07,1.003774648,1.003778624
2017-09-08,0.998568783,1.011944185
2017-09-11,1.001433269,1.019970352
2017-09-12,1.009204692,1.006499027
2017-09-13,0.988877148,1.003623583
2017-09-14,0.996456892,0.998669816
2017-09-15,0.998391466,1.00519191
2017-09-18,1.00158286,1.006219746
2017-09-19,0.989191477,0.994221828
2017-09-20,1.008301951,0.999540466
2017-09-21,1.012138189,0.994726452
2017-09-22,0.995722912,0.991843837
2017-09-25,0.9854572,0.986650951
2017-09-26,0.992136976,0.995860536
2017-09-27,0.987422828,0.991184512
2017-09-28,1.014540379,1.010582606
2017-09-29,0.998738785,1.005792904
2017-10-03,1.011164366,1.001744476
2017-10-04,1.003689827,0.993448876
2017-10-05,0.990724507,1.000890373
2017-10-06,0.993320774,1.000833982
2017-10-09,1.005574713,0.997444586
2017-10-10,0.997170944,1.004010025
2017-10-11,1.003438888,0.99303822
2017-10-12,1.002741682,1.016004245
2017-10-13,1.00620888,1.017594018
2017-10-16,0.99799032,1.003430949
2017-10-17,0.998213171,0.996823089
2017-10-18,0.995340247,1.009318028
2017-10-19,0.996688647,0.989242708
2017-10-23,0.98662466,1.008061026
2017-10-24,0.999941941,1.002039392
2017-10-25,0.974075364,0.961437523
2017-10-26,1.008762257,1.000139268
2017-10-27,1.003958992,0.997604924
2017-10-30,1.003972808,1.013372044
2017-10-31,1.000937976,0.996418733
2017-11-01,1.027468666,1.007022394
2017-11-02,1.004531722,1.00049418
2017-11-03,1.007972762,1.004719829
2017-11-06,1.007825255,0.998852898
2017-11-07,0.985727852,0.997320354
2017-11-08,0.990253025,1.001233756
2017-11-09,0.987639131,1.001040554
2017-11-10,0.990526407,0.996799519
2017-11-13,0.977069319,0.995362239
2017-11-14,0.994671616,0.993824267
2017-11-15,0.993680029,0.998834854
2017-11-16,1.008177358,1.004138314
2017-11-17,1.024693583,1.009874426
2017-11-20,0.990442685,1.00690203
2017-11-21,1.00313758,1.004406604
2017-11-22,1.013956919,1.004874746
2017-11-23,0.992113611,0.993316265
2017-11-24,1.003783879,1.004639553
2017-11-27,0.999970778,1.003321811
2017-11-28,1.008474576,1.004199079
2017-11-29,0.987626775,1.004261935
2017-11-30,0.98330546,0.98953718
2017-12-01,0.989914663,0.997032961
2017-12-04,1.013021461,0.992370956
2017-12-05,0.999464413,0.992557658
2017-12-06,0.981482584,0.990579252
2017-12-07,1.004337539,1.003521322
2017-12-08,1.016550391,1.016992236
2017-12-11,1.016043257,1.003260161
2017-12-12,1.000497091,0.985647747
2017-12-13,0.991758242,1.000796747
2017-12-14,1.004597159,1.009169023
2017-12-15,1.010853623,1.019259541
2017-12-18,0.998229832,1.00293576
2017-12-19,0.993720748,1.002953777
2017-12-20,0.990960419,0.991323959
2017-12-21,1.004841471,1.000080293
2017-12-22,1.00437746,1.004469304
2017-12-26,1.002252318,0.995577225
2017-12-27,0.996906374,0.993791313
2017-12-28,0.993120206,1.011471657
2017-12-29,1.00840138,0.99699156
2018-01-01,0.984418849,0.990440077
2018-01-02,1.011581292,1.009625236
2018-01-03,0.998561573,0.989478463
2018-01-04,1.001411101,1.003913313
2018-01-05,1.012916862,1.001989354
2018-01-08,1.009129376,0.998390212
2018-01-09,0.996611046,1.001666129
2018-01-10,0.995043371,1.000268284
2018-01-11,1.008630427,1.004479133
2018-01-12,1.011255635,0.996128274
2018-01-15,1.062608251,1.017396665
2018-01-16,0.986505985,1.001264656
2018-01-17,1.006717408,0.994921454
2018-01-18,1.020690397,1.023168474
2018-01-19,1.002346057,1.009253994
2018-01-22,0.984615385,1.005711505
2018-01-23,1.006757479,0.993862531
2018-01-24,1.014087496,1.003254241
2018-01-25,0.998482629,1.008837126
2018-01-29,1.031074779,1.012506646
2018-01-30,0.984702175,0.997924637
2018-01-31,1.009703226,1.005111501
2018-02-01,1.005750652,0.992745675
2018-02-02,0.967624711,0.978329106
2018-02-05,0.957717257,0.982469199
2018-02-06,0.980941673,0.991091256
2018-02-07,0.998182936,0.987347111
2018-02-08,1.014815022,1.004351773
2018-02-09,0.97861243,0.983279726
2018-02-12,1.018273596,1.014679643
2018-02-14,1.004735661,1.003463619
2018-02-15,1.008544653,0.999336219
2018-02-16,0.992347636,0.998246453
2018-02-19,0.999201322,0.999787075
2018-02-20,0.998732119,0.99201363
2018-02-21,1.007202981,0.996887076
2018-02-22,0.996958571,0.997738775
2018-02-23,1.002720901,1.014758256
2018-02-26,1.010442934,1.016484539
2018-02-27,0.992079208,0.995291779
2018-02-28,0.989090313,0.99035505
2018-03-01,1.003013214,0.994772317
2018-03-05,0.986467492,0.99765252
2018-03-06,0.996200268,0.987325864
2018-03-07,0.988192731,0.992606635
2018-03-08,1.021001845,1.011049874
2018-03-09,1.011035441,0.999028524
2018-03-12,1.021692511,1.00875179
2018-03-13,1.005624176,0.996251172
2018-03-14,0.98726251,1.002284639
2018-03-15,0.992031225,1.00874229
2018-03-16,0.978907104,0.985219056
2018-03-19,0.990566038,0.996896924
2018-03-20,1.014398422,0.995804574
2018-03-21,1.009888614,1.010546344
2018-03-22,0.995434167,1.00476088
2018-03-23,0.98897516,0.985972427
2018-03-26,1.022658695,1.028182781
2018-03-27,0.996175177,0.999551084
2018-03-28,1.001343828,0.996565571
2018-04-02,1.006819676,1.023911776
2018-04-03,0.993280923,0.992077465
2018-04-04,0.987730733,0.982958401
2018-04-05,1.011728498,1.013620072
2018-04-06,1.002493902,1.007595998
2018-04-09,1.004209951,1.008136633
2018-04-10,0.989546469,0.99061396
2018-04-11,0.997193948,0.998958794
2018-04-12,1.009186714,1.005185398
2018-04-13,1.006314754,0.998029863
2018-04-16,1.016217538,1.008883117
2018-04-17,1.010291641,1.003295402
2018-04-18,0.993649786,0.991839877
2018-04-19,0.989854609,1.003311601
2018-04-20,0.98681839,1.008715833
2018-04-23,0.998200801,0.989697837
2018-04-24,1.015675779,0.999612553
2018-04-25,0.994595467,0.992635659
2018-04-26,1.000513652,1.004945985
2018-04-27,1.00178335,0.996451237
2018-04-30,1.015913688,1.010866174
2018-05-02,1.014522766,1.012960963
2018-05-03,1.006333089,0.999187611
2018-05-04,0.993576741,1.010468012
2018-05-07,1.004370927,0.994417903
2018-05-08,0.991999792,0.994765854
2018-05-09,0.99700528,1.005770062
2018-05-10,0.998234659,1.007228063
2018-05-11,1.013461437,1.009559894
2018-05-14,1.005625586,1.004970797
2018-05-15,0.999456128,1.007938667
2018-05-16,0.992226167,0.99290902
2018-05-17,0.979394636,1.002174611
2018-05-18,0.988213962,0.992306744
2018-05-21,0.981759309,0.990507666
2018-05-22,0.994942832,0.998419508
2018-05-23,0.985441989,0.988743153
2018-05-24,1.01258655,1.009402795
2018-05-25,1.007557721,1.01143001
2018-05-28,1.005385355,1.016677453
2018-05-29,0.989177667,0.995299187
2018-05-30,0.98952894,1.007748696
2018-05-31,1.023564887,1.044474821
2018-06-01,1.00613748,0.986515226
2018-06-04,0.993981293,0.96948735
2018-06-05,1.008319014,1.008503568
2018-06-06,1.005437135,0.996971312
2018-06-07,1.005676774,1.002357402
2018-06-08,0.984724452,0.993768791
2018-06-11,0.999456655,0.996559885
2018-06-12,1.004485036,1.000758948
2018-06-13,0.991665314,0.993933019
2018-06-14,1.000791355,1.002928942
2018-06-15,0.999182004,0.996171591
2018-06-18,0.99525174,0.994851202
2018-06-19,1.002440295,1.002154372
2018-06-20,1.010393873,1.016135409
2018-06-21,1.00644288,1.000705201
2018-06-22,1.02574103,1.01251458
2018-06-25,0.993208339,1.005567955
2018-06-26,1.011643257,0.999403327
2018-06-27,0.994258423,1.009027081
2018-06-28,0.985904402,1.008638644
2018-06-29,1.016027689,0.989487763
2018-07-02,0.994235103,0.983305272
2018-07-03,0.990828106,0.99852888
2018-07-04,1.022769591,1.016109555
2018-07-05,1.004447334,1.009602814
2018-07-06,0.992646488,0.995950559
2018-07-09,0.993765814,1.004964187
2018-07-10,1.019764817,1.00976172
2018-07-11,0.992561324,1.000861908
2018-07-12,1.017945127,1.008239265
2018-07-13,1.004993122,1.006902283
2018-07-16,1.009480355,0.994474758
2018-07-17,0.999045802,1.003642483
2018-07-18,1.010129191,0.99974733
2018-07-19,0.989524497,1.004549214
2018-07-20,0.992682559,1.001349435
2018-07-23,0.996453631,0.985107695
2018-07-24,1.004423316,1.001530293
2018-07-25,1.01280656,1.004907975
2018-07-26,1.01127021,1.010251803
2018-07-27,1.011787091,1.00435556
2018-07-30,0.990963488,0.985355221
2018-07-31,0.983290203,1.004424167
2018-08-01,0.987618117,0.990456527
2018-08-02,0.980610613,0.98679761
2018-08-03,1.023577215,0.995986292
2018-08-06,1.00091024,0.996535715
2018-08-07,0.99964634,1.007851298
2018-08-08,1.003032447,1.002557605
2018-08-09,0.99261816,0.991644628
2018-08-10,1.002208178,0.99808827
2018-08-13,0.986172314,0.989217054
2018-08-14,0.997175141,0.998780867
2018-08-16,0.974092197,0.993585755
2018-08-17,0.997065355,1.000794913
2018-08-20,1.018243046,1.009074061
2018-08-21,0.996510508,0.999928442
2018-08-23,0.996315363,0.992295031
2018-08-24,1.006688349,0.995168037
2018-08-27,1.003022329,1.005121144
2018-08-28,1.015741486,1.006921579
2018-08-29,1.000562617,0.992195145
2018-08-30,0.988702875,0.994034159
2018-08-31,1.000930641,0.997628382
2018-09-03,1.004571399,1.006719387
2018-09-04,1.005141917,0.988795451
2018-09-05,0.991098834,0.997100107
2018-09-06,1.009677919,1.003103844
2018-09-07,0.981519822,1.002314589
2018-09-10,0.981015625,0.992318724
2018-09-11,0.991770858,0.980035764
2018-09-12,1.005219346,1.005723855
2018-09-14,1.025375439,1.008822725
2018-09-17,0.975797865,0.981572724
2018-09-18,0.987678633,0.998494127
2018-09-19,0.986501051,0.985999397
2018-09-21,1.004779723,1.004537691
2018-09-24,0.934380776,0.977388656
2018-09-25,1.031797289,1.013865088
2018-09-26,0.996672964,1.008092604
2018-09-27,0.978245495,1.004039224
2018-09-28,1.014748409,1.01513043
2018-10-01,1.029552579,1.014655667
2018-10-03,0.995128297,0.997887445
2018-10-04,0.989374426,0.963862836
2018-10-05,0.960752341,1.003856468
2018-10-08,0.976033711,0.989670788
2018-10-09,1.027013252,0.997737789
2018-10-10,1.014129324,1.013681336
2018-10-11,0.969832177,0.984952851
2018-10-12,1.027158588,1.022863926
2018-10-15,1.00150263,1.013219971
2018-10-16,1.013474522,0.992380668
2018-10-17,0.989494662,0.990891983
2018-10-19,0.955374612,0.996530943
2018-10-22,0.998825478,1.015830263
2018-10-23,1.017156124,0.992971134
2018-10-24,1.032429228,1.003728241
2018-10-25,0.973010997,0.988229389
2018-10-26,1.004514739,0.996139781
2018-10-29,0.997826215,0.982204773
2018-10-30,0.98439708,0.992965789
2018-10-31,1.058227167,0.999477193
2018-11-01,0.995902218,1.000235386
2018-11-02,1.035414302,1.01948018
2018-11-05,0.98273405,1.003359922
2018-11-06,1.007250823,0.995168712
2018-11-07,1.005509718,1.005856515
2018-11-09,1.000137677,0.993590235
2018-11-12,0.988877264,0.987483294
2018-11-13,1.016036528,1.003487676
2018-11-14,1.00791911,1.015562184
2018-11-15,1.00785689,1.008887754
2018-11-16,1.019097972,1.014758373
2018-11-19,1.005479089,1.004789702
2018-11-20,0.988127517,0.999280004
2018-11-21,0.995391091,1.003130513
2018-11-22,1.002970854,0.993436533
2018-11-26,1.005844052,1.022089255
2018-11-27,1.009046773,1.006927505
2018-11-28,1.013829731,1.012233527
2018-11-29,1.014678423,1.02000718
2018-11-30,1.016715228,0.998779944
2018-12-03,0.995852187,0.992882144
2018-12-04,0.979149312,0.986868878
2018-12-05,1.017453402,1.006545036
2018-12-06,0.986063954,0.9989758
2018-12-07,1.002852297,1.005030877
2018-12-10,0.977015912,0.991056178
2018-12-11,0.999344348,0.986020347
2018-12-12,1.018344049,1.012502731
2018-12-13,1.00095351,1.007672757
2018-12-14,0.980458794,0.997334983
2018-12-17,1.029541516,1.01646228
2018-12-18,0.995740557,1.002464557
2018-12-19,1.015215164,0.994380576
2018-12-20,0.996467679,1.006593044
2018-12-21,0.986782802,0.987695619
2018-12-24,0.976162373,0.985552898
2018-12-26,1.016402492,1.020041814
2018-12-27,1.008017172,0.991848658
2018-12-28,1.015958129,1.008479609
2018-12-31,0.994141266,0.999434736
2019-01-01,1.020651815,1.012442852
2019-01-02,0.985888502,0.990875658
2019-01-03,0.977886048,0.992154099
2019-01-04,1.018457805,1.002675443
2019-01-07,1.000152084,1.001511252
2019-01-08,0.992929191,0.99167708
2019-01-09,1.018377192,1.006562054
2019-01-10,0.992556204,0.996078987
2019-01-11,1.005706782,1.001612521
2019-01-14,0.988852064,0.99514655
2019-01-15,1.011654479,1.009635287
2019-01-16,0.991391211,0.999198831
2019-01-17,1.014962025,1.005707009
2019-01-18,1.00114739,0.999038597
2019-01-21,0.998804096,1.00840277
2019-01-22,0.987502806,0.994274143
2019-01-23,0.989314944,0.985743381
2019-01-24,1.006561981,0.998503847
2019-01-25,1.003399117,0.997026995
2019-01-28,0.98437658,0.994346374
2019-01-29,0.987364528,0.987260994
2019-01-30,0.981012329,0.988870529
2019-01-31,1.019381695,1.022239151
2019-02-01,1.020235649,1.005048198
2019-02-04,1.008795411,1.006912387
2019-02-05,1.001465757,1.004347
2019-02-06,1.003305743,1.004068021
2019-02-07,0.990794537,0.99745601
2019-02-08,0.98730739,1.002550478
2019-02-11,1.001825521,1.008008857
2019-02-12,0.97785135,0.995349707
2019-02-13,1.013359229,1.006456308
2019-02-14,0.984563585,0.984487625
2019-02-15,0.986426054,0.995474363
2019-02-18,0.999973332,0.994882536
2019-02-19,0.988585754,0.997200823
2019-02-20,1.009199061,1.011659989
2019-02-21,1.011200214,1.003580999
2019-02-22,0.997858786,0.988444633
2019-02-25,1.003761789,1.016232757
2019-02-26,0.978437582,0.99306013
2019-02-27,0.993175626,0.991282306
2019-02-28,1.000108637,0.992974071
2019-03-01,1.009912014,1.00279175
2019-03-05,1.000295786,1.011399909
2019-03-06,1.013548387,0.99864743
2019-03-07,0.997347762,1.010573839
2019-03-08,1.002047655,1.000799436
2019-03-11,1.007165415,1.00011747
2019-03-12,1.017100999,1.019991073
2019-03-13,1.010699482,1.025587287
2019-03-14,1.003229693,0.999191574
2019-03-15,1.009044687,1.012698056
2019-03-18,0.993796369,1.003750555
2019-03-19,1.002777212,1.002785823
2019-03-20,1.010010926,1.013780179
2019-03-22,0.996981208,0.990060896
2019-03-25,0.981882869,1.002262593
2019-03-26,1.000334079,1.013172314
2019-03-27,0.986435801,0.994851494
2019-03-28,1.012787124,1.00145687
2019-03-29,1.012239965,1.006991489
2019-04-01,0.995630636,0.996938203
2019-04-02,1.018523716,0.992668051
2019-04-03,1.0085924,0.999084908
2019-04-04,1.014380806,0.996161814
2019-04-05,1.008398423,1.009479192
2019-04-08,0.99791181,0.992973629
2019-04-09,1.006934644,0.999060889
2019-04-10,0.980716719,0.978183408
2019-04-11,0.996821486,1.00900619
2019-04-12,1.001062883,1.003433001
2019-04-15,0.994715919,1.010396204
2019-04-16,1.006180961,1.00709979
2019-04-18,0.988676173,0.995054337
2019-04-22,0.975121647,0.989122142
2019-04-23,0.990173499,0.989685723
2019-04-24,1.023621233,1.015343161
2019-04-25,0.98725005,0.992850093
2019-04-26,1.011380201,1.00773156
2019-04-30,1.008925862,1.016002104
2019-05-02,1.011202727,1.016548361
2019-05-03,0.994547437,1.005157484
2019-05-06,0.979590311,0.983318905
2019-05-07,1.000432471,0.997380231
2019-05-08,0.981920358,0.993497965
2019-05-09,0.991635375,0.992913642
2019-05-10,1.008931369,1.002444454
2019-05-13,1.010974789,0.995950359
2019-05-14,1.006298326,1.000306051
2019-05-15,0.989695705,0.999475502
2019-05-16,0.998534667,1.010473608
2019-05-17,1.026543432,1.022266462
2019-05-20,1.064630201,1.029740485
2019-05-21,0.99623086,0.988221267
2019-05-22,1.011492079,1.000852852
2019-05-23,0.988591734,0.969385846
2019-05-24,1.004256527,1.017687921
2019-05-27,1.019732504,1.014747087
2019-05-28,0.991941071,1.003259493
2019-05-29,0.999813767,1.000289711
2019-05-30,1.017206454,1.009371509
2019-05-31,0.999198865,0.994179254
2019-06-03,1.021899984,1.013090894
2019-06-04,0.99708579,0.998046478
2019-06-06,0.981789159,0.988194756
2019-06-07,1.012548948,1.010027441
2019-06-10,0.992401113,0.996956264
2019-06-11,0.998085732,1.00336038
2019-06-12,0.996392447,0.99128002
2019-06-13,1.007126653,1.007272203
2019-06-14,0.994698521,0.996073138
2019-06-17,0.99412128,0.994620344
2019-06-18,0.990796134,0.998038811
2019-06-19,1.010404087,1.004591995
2019-06-20,1.010963501,0.999176395
2019-06-21,0.973422758,0.994992478
2019-06-24,1.003783632,1.00155331
2019-06-25,1.011121969,1.004445915
2019-06-26,0.997836892,1.016140322
2019-06-27,1.012614732,0.997730864
2019-06-28,0.998474117,0.992466393
2019-07-01,1.024542676,1.017104859
2019-07-02,1.015739793,1.003801975
2019-07-03,0.998224658,0.997855711
2019-07-04,1.001339364,0.997650272
2019-07-05,0.99940796,0.995410258
2019-07-08,0.991684585,0.974599579
2019-07-09,0.98798646,0.987363048
2019-07-10,0.997738266,1.004035055
2019-07-11,1.015329368,1.007702773
2019-07-12,0.998187365,0.994495565
2019-07-15,1.003343963,1.000355069
2019-07-16,1.005385481,0.998517591
2019-07-17,1.004017475,1.00261375
2019-07-18,1.025560852,1.006027237
2019-07-19,0.982261263,0.984970355
2019-07-22,0.949360769,0.966998506
2019-07-23,0.977868215,0.985308521
2019-07-24,1.0213935,1.00768721
2019-07-25,1.005081836,1.002257881
2019-07-26,0.986516956,0.996172437
2019-07-29,0.992265959,0.985509156
2019-07-30,0.989879013,1.003542307
2019-07-31,0.997438007,0.9997336
2019-08-01,0.983504572,0.986743055
2019-08-02,1.018209699,0.996646863
2019-08-05,1.012965926,0.984148847
2019-08-06,1.017446047,1.004519904
2019-08-07,0.993287365,0.997670275
2019-08-08,1.003264068,1.022504579
2019-08-09,1.013449113,1.02187493
2019-08-13,0.949562544,0.972984224
2019-08-14,1.008380553,1.004098453
2019-08-16,0.991641876,0.999215053
2019-08-19,1.006690476,0.990640571
2019-08-20,0.988671034,1.0062306
2019-08-21,0.988900053,1.002364226
2019-08-22,0.974454497,0.976750455
2019-08-23,1.014721215,0.994756451
2019-08-26,1.051180428,1.043209877
2019-08-27,1.012079037,1.001684285
2019-08-28,1.005909948,0.994491029
2019-08-29,0.97316142,0.990856507
2019-08-30,1.017853367,1.000449045
2019-09-03,0.964665697,0.992369667
2019-09-04,1.004880616,1.016644429
2019-09-05,0.973358412,0.994394394
2019-09-06,0.998679158,1.004809521
2019-09-09,1.011168532,1.001647446
2019-09-11,1.003681725,1.00075569
2019-09-12,1.005260999,1.008683872
2019-09-13,1.000528148,0.994099126
2019-09-16,0.982196415,0.994108397
2019-09-17,0.975326738,0.985384221
2019-09-18,0.996017533,0.989327786
2019-09-19,0.993109692,0.503279625
2019-09-20,1.037830447,1.089505472
2019-09-23,1.054994388,1.048057686
2019-09-24,0.98519889,0.997255916
2019-09-25,0.971807512,0.988754187
2019-09-26,0.996739052,1.002258611
2019-09-27,0.986768127,1.001368209
2019-09-30,0.971093865,0.986537534
2019-10-01,1.009407956,1.017393784
2019-10-03,0.989427004,0.979780589
2019-10-04,1.001899167,0.9723346
2019-10-07,0.995450639,0.997646465
2019-10-09,1.016604885,1.034754402
2019-10-10,0.992982018,0.977527175
2019-10-11,1.011167283,0.998542335
2019-10-14,1.002288386,1.004671338
2019-10-15,0.999280308,1.015484889
2019-10-16,1.017583073,0.998405625
2019-10-17,1.020037097,0.999099173
2019-10-18,1.002249073,1.007377049
2019-10-22,1.0097639,1.008380797
2019-10-23,1.013263038,1.001855886
2019-10-24,1.000933293,0.995570232
2019-10-25,0.979766428,0.994256128
2019-10-27,1.001808189,1.007078926
2019-10-29,1.003657349,1.003878161
2019-10-30,0.997349802,1.004708249
2019-10-31,1.011601699,0.985580967
2019-11-01,0.998452085,1.007883935
2019-11-04,1.024758057,0.997419459
2019-11-05,1,1.00214254
2019-11-06,1.018016779,1.013836224
2019-11-07,1.013689994,1.005610154
2019-11-08,0.992092403,0.993590251
2019-11-11,1.000604514,1.007287353
2019-11-13,0.987872279,0.994307175
2019-11-14,1.00876577,1.013001471
2019-11-15,0.998765044,1.003139964
2019-11-18,1.00550797,0.987596839
2019-11-19,0.989178554,1.007804762
2019-11-20,0.994959541,1.001140027
2019-11-21,1.004270883,1.0078533
2019-11-22,1.012192639,0.985506682
2019-11-25,1.025588879,1.005020755
2019-11-26,1.004401735,1.003107545
2019-11-27,1.013733105,1.002627348
2019-11-28,0.988635877,0.989752816
2019-11-29,0.994588159,1.00762665
2019-12-02,1.004070084,0.992784031
2019-12-03,1.005679355,0.99182303
2019-12-04,1.001163944,0.997012904
2019-12-05,1.002217534,0.99516638
2019-12-06,0.972975876,1.000361272
2019-12-09,1.020643367,0.997512138
2019-12-10,0.992969629,1.005269721
2019-12-11,1.011546086,0.99939976
2019-12-12,0.99862167,1.011891892
2019-12-13,1.015549182,1.000197847
2019-12-16,1.008812911,0.994856985
2019-12-17,1.023092306,1.010935698
2019-12-18,1.006193161,1.016717803
2019-12-19,0.986401652,0.997253066
2019-12-20,0.996766035,1.006129733
2019-12-23,1.007715985,1.004395774
2019-12-24,0.995913566,0.989826474
2019-12-26,1.000559528,0.985494318
2019-12-27,1.012447703,1.003581408
2019-12-30,0.997586073,1.005607843
2019-12-31,0.989459653,0.992161604
2020-01-01,1.008870282,1.005109661
2020-01-02,1.013332238,1.006374159
2020-01-03,0.995154882,0.985739266
2020-01-06,0.971337774,0.978358562
2020-01-07,1.012981838,1.015834643
2020-01-08,0.996314776,0.997382199
2020-01-09,1.021299586,1.011214507
2020-01-10,1.00006104,1.00888784
2020-01-13,1.002034547,1.002572698
2020-01-14,1.012080973,1.002721617
2020-01-15,0.998515428,0.995928655
2020-01-16,0.99738809,1.00264746
2020-01-17,0.988658797,0.992622219
2020-01-20,1.000163003,0.981809647
2020-01-21,1.004522582,0.991592956
2020-01-22,0.980186173,0.997187287
2020-01-23,1.004882893,1.003223597
2020-01-24,1.009203591,0.999759007
2020-01-27,0.977578292,0.974810172
2020-01-28,1.014942817,1.008242664
2020-01-29,0.988752262,1.010341727
2020-01-30,1.004471249,0.992070235
2020-01-31,0.999585921,1.000203907
2020-02-01,0.939623032,0.977493272
2020-02-03,0.996252618,0.995078001
2020-02-04,1.038145813,1.03101945
2020-02-05,1.019480381,1.012075134
2020-02-06,1.018731838,0.996103322
2020-02-07,0.987358657,1.001935796
2020-02-10,1.003595702,0.998470456
2020-02-11,1.008636044,1.000241877
2020-02-12,1.001006098,1.006770917
2020-02-13,0.986072366,0.993915132
2020-02-14,0.999209535,0.982237796
2020-02-17,0.978557302,0.99819576
2020-02-18,0.986618445,0.996795793
2020-02-19,1.025207004,1.011498042
2020-02-20,0.996739931,0.991769883
2020-02-24,0.967419287,0.99412538
2020-02-25,1.004493304,0.992024464
2020-02-26,0.990814731,0.999125219
2020-02-27,0.995945561,1.000166771
2020-02-28,0.957552152,0.981825003
2020-03-02,1.001792485,1.00165584
2020-03-03,1.005390774,1.001865039
2020-03-04,1.006685224,0.972118802
2020-03-05,0.995013712,1.002176089
2020-03-06,0.961003166,0.985712425
2020-03-09,0.961340634,0.975680677
2020-03-11,1.00411756,1.005870135
2020-03-12,0.921154082,0.916950979
2020-03-13,1.101881964,1.047488495
2020-03-16,0.891111864,0.934286783
2020-03-17,0.953332428,0.975587794
2020-03-18,0.924108668,0.89929238
2020-03-19,0.996949247,1.021268104
2020-03-20,1.084291543,0.985818771
2020-03-23,0.867014453,0.873931019
2020-03-24,0.989741566,0.995010045
2020-03-25,1.093648263,1.115995832
2020-03-26,1.052975305,1.051765392
2020-03-27,1.011971729,1.003717678
2020-03-30,0.88868301,0.919509094
2020-03-31,1.047698476,1.036373474
2020-04-01,0.969628314,0.962582666
2020-04-03,0.946984528,0.980955825
2020-04-07,1.03707779,1.101062849
2020-04-08,1.00234704,0.991965182
2020-04-09,1.092571209,1.040668242
2020-04-13,0.971874817,0.967893627
2020-04-15,0.964415176,0.964203943
2020-04-16,1.018448913,1.01905479
2020-04-17,1.033738275,1.034725774
2020-04-20,1.028025705,1.03795452
2020-04-21,0.966429357,0.975445838
2020-04-22,0.99667605,1.007540824
2020-04-23,0.999579365,1.02837605
2020-04-24,0.950013526,0.982302738
2020-04-27,1.007055622,0.991098556
2020-04-28,1.078136291,1.001828547
2020-04-29,1.070491899,1.049065922
2020-04-30,1.043146863,1.025278887
2020-05-04,0.899973904,0.921341585
2020-05-05,0.980021457,0.987486457
2020-05-06,1.025001479,1.038345493
2020-05-07,0.983690789,0.977387997
2020-05-08,0.991666178,1.004378378
2020-05-11,0.981505593,0.98573812
2020-05-12,1.009436522,0.984439834
2020-05-13,1.023087032,1.028950141
2020-05-14,0.953087141,0.963402145
2020-05-15,1.000857633,0.993789862
2020-05-18,0.925480475,0.942014299
2020-05-19,1.018385635,0.992828542
2020-05-20,1.056596422,1.031842533
2020-05-21,0.981745544,1.002858476
2020-05-22,0.949195517,0.975917631
2020-05-26,0.990766085,1.016153067
2020-05-27,1.045434877,1.060124355
2020-05-28,1.033940397,1.046035523
2020-05-29,1.021678882,1.006770696
2020-06-01,1.047501356,1.037829034
2020-06-02,1.043649652,1.013516934
2020-06-03,1.012186044,1.021228771
2020-06-04,0.961130935,0.979897285
2020-06-05,1.001303633,1.031596286
2020-06-08,0.996716857,0.983113176
2020-06-09,1.006417537,0.971847623
2020-06-10,1.020992043,1.004608528
2020-06-11,0.987923506,0.976558955
2020-06-12,1.002657417,1.014608714
2020-06-15,0.977374177,0.966522513
2020-06-16,1.040105044,1.042690951
2020-06-17,0.985043087,0.988741922
2020-06-18,1.034157078,1.04156242
2020-06-19,0.988765861,1.013137899
2020-06-22,0.991444608,0.995548459
2020-06-23,1.010278114,1.013171324
2020-06-24,0.978047984,0.990597717
2020-06-25,0.988902795,0.996368039
2020-06-26,0.995246934,1.026925881
2020-06-29,0.984061944,1.0185527
2020-06-30,1.007753496,0.990520887
2020-07-01,1.045878095,1.017591594
2020-07-02,1.029588862,1.004425595
2020-07-03,0.997750668,0.985817881
2020-07-06,0.991247613,1.027049676
2020-07-07,1.009659121,1.001949229
2020-07-08,0.999628992,1.004705244
2020-07-09,1.029585642,1.013149007
2020-07-10,0.971238767,0.982354771
2020-07-13,0.978552492,0.977513347
2020-07-14,0.970767522,0.980189771
2020-07-15,0.999051127,0.994616801
2020-07-16,0.99882675,1.008925604
2020-07-17,1.010096208,1.033786645
2020-07-20,1.000110751,1.03149893
2020-07-21,1.042966695,1.004854155
2020-07-22,0.998619701,0.989284616
2020-07-23,0.997209006,1.003595685
2020-07-24,0.981607847,0.990003539
2020-07-27,1.005132244,0.964614422
2020-07-28,1.025178981,1.006623437
2020-07-29,0.98943263,0.979708278
2020-07-30,0.964496884,0.986896487
2020-07-31,0.984149339,0.983010517
2020-08-03,0.976346138,0.970178156
2020-08-04,1.023738361,1.039570858
2020-08-05,0.997529617,0.986463783
2020-08-06,1.003968031,1.012797431
2020-08-07,0.996608269,1.003026809
2020-08-10,1.011953648,1.006514346
2020-08-11,1.015453459,1.015228668
2020-08-12,0.993129875,0.997234332
2020-08-13,0.994846213,0.995628467
2020-08-14,0.992714076,0.976771635
2020-08-17,1.004939443,0.998356615
2020-08-18,1.011191025,1.022996853
2020-08-19,1.003981985,1.009559867
2020-08-20,0.976585793,0.992874555
2020-08-21,1.010587346,1.02516525
2020-08-24,1.014301156,1.028922765
2020-08-25,0.999863377,1.00237232
2020-08-26,0.992566681,0.99888363
2020-08-27,1.026486784,0.9943225
2020-08-28,1.010273054,1.002158079
2020-08-31,0.973105005,1.001211306
2020-09-01,1.010149514,1.010261236
2020-09-02,0.987035436,1.006076466
2020-09-03,0.989902583,0.997134418
2020-09-04,0.978410504,0.989742683
2020-09-07,1.012092445,0.992137943
2020-09-08,0.992295238,1.001755966
2020-09-09,0.990688122,0.985662277
2020-09-10,1.009484595,0.994573643
2020-09-11,0.994767785,0.989088075
2020-09-14,0.982948279,0.980809345
2020-09-15,1.01193901,1.011862564
2020-09-16,1.005344705,1.021625409
2020-09-17,0.986539604,0.990810588
2020-09-18,0.988333763,0.975729051
2020-09-21,0.990806265,0.992433557
2020-09-22,0.980505225,0.986753073
2020-09-23,0.99537272,1.011444852
2020-09-24,0.981854718,0.983910241
2020-09-25,1.009255582,1.013198758
2020-09-28,1.017826877,1.009770115
2020-09-29,1.01882304,1.007920698
2020-09-30,1.015731714,1.015105172
2020-10-01,1.029079624,1.026284072
2020-10-05,0.996900567,1.006685035
2020-10-06,1.083636771,1.026697178
2020-10-07,1.007418321,1.015863998
2020-10-08,1.000256575,1.025424823
2020-10-09,1.00430935,1.035031045
2020-10-12,1.003958828,0.983867699
2020-10-13,0.98880635,0.987475796
2020-10-14,1.018755789,1.010889065
2020-10-15,0.983508852,0.965125877
2020-10-16,1.00744659,1.025742998
2020-10-19,1.035581383,1.003501897
2020-10-20,0.992025597,1.016949857
2020-10-21,1.016598025,1.018587361
2020-10-22,0.996973764,0.989251624
2020-10-23,1.008396367,1.002027082
2020-10-26,1.006627179,0.979851109
2020-10-27,0.98456604,1.018333471
2020-10-28,0.964508781,0.98094234
2020-10-29,0.982426736,0.981481481
2020-10-30,0.994442434,0.996925539
2020-11-02,1.060955005,1.026783828
2020-11-03,1.044173853,1.026908044
2020-11-04,0.979938525,1.007572419
2020-11-05,1.005986017,1.009384444
2020-11-06,1.0179702,1.030294674
2020-11-09,1.006383128,1.025159638
2020-11-10,1.055759491,1.039610608
2020-11-11,1.022974341,0.997345101
2020-11-12,1.003355849,0.986870031
2020-11-13,0.989129969,0.990595611
2020-11-14,1.001950797,1.008021784
2020-11-17,1.016333153,1.028290867
2020-11-18,1.006768838,1.0001775
2020-11-19,0.98295911,0.975615816
2020-11-20,1.004387852,1.021319169
2020-11-23,0.964022614,0.993552524
2020-11-24,0.985294118,1.031263445
2020-11-25,0.988118321,0.975385899
2020-11-26,1.021470783,1.017001711
2020-11-27,1.007974446,1.009953387
2020-12-01,1.022470914,0.994760037
2020-12-02,0.986735733,0.981615852
2020-12-03,0.990159685,0.97885497
2020-12-04,0.996428492,1.006099332
2020-12-07,1.025780311,0.990365185
2020-12-08,1.002582689,1.002951357
2020-12-09,0.998679511,1.0224515
2020-12-10,0.992370052,0.984828027
2020-12-11,1.0029706,0.997799185
2020-12-14,1.002940024,0.992298235
2020-12-15,1.020715263,1.0139562
2020-12-16,1.031612313,1.013943794
2020-12-17,1.028849525,1.022045793
2020-12-18,0.993906839,0.978880566
2020-12-21,0.973945309,0.972579445
2020-12-22,0.99538264,1.000327833
2020-12-23,0.99975038,1.001857112
2020-12-24,1.021680781,1.015592629
2020-12-28,1.008675641,1.011273352
2020-12-29,1.017161663,1.010156775
2020-12-30,0.999642708,1.003713565
2020-12-31,1.016123588,1.002652705
2021-01-01,1.003947394,0.992167375
2021-01-04,1.00379562,0.993649346
2021-01-05,1.028446771,1.007556497
2021-01-06,0.995097762,0.995689353
2021-01-07,1.008526441,0.996973003
2021-01-08,0.998553366,1.010873786
2021-01-11,1.035258702,1.013830196
2021-01-12,0.998673306,1.020358951
2021-01-13,0.972102419,0.993011479
2021-01-14,1.004923434,0.998708054
2021-01-15,0.980887092,0.998570213
2021-01-18,0.974836198,1.011216037
2021-01-19,1.035242548,1.013990965
2021-01-20,1.011742788,0.992120225
2021-01-21,0.990644123,0.98847185
2021-01-22,0.972380774,0.978810686
2021-01-25,0.98530576,1.013369817
2021-01-27,0.966920122,0.963598455
2021-01-28,0.983279287,0.972935585
2021-01-29,0.980232918,1.013890408
2021-02-01,1.084721171,1.062028047
2021-02-02,1.030919841,1.056746233
2021-02-03,1.016754419,1.009131396
2021-02-04,1.001553513,1.002730505
2021-02-05,1.005078017,1.011715534
2021-02-08,1.004354216,1.004788433
2021-02-09,1.005012165,1.004111509
2021-02-10,1.007298739,0.981325806
2021-02-11,0.99765097,0.994057215
2021-02-12,1.011193219,1.006105511
2021-02-15,1.024699982,1.021903347
2021-02-16,0.999370728,1.006216751
2021-02-17,0.981354835,0.97531737
2021-02-18,0.978541002,0.97970375
2021-02-19,0.998597527,0.990220678
2021-02-22,0.967405975,1.0057826
2021-02-23,0.991195158,0.987822997
2021-02-24,1.030111086,1.05055096
2021-02-25,0.991487397,0.999968875
2021-02-26,0.945878497,0.955179283
2021-03-01,1.026226668,1.015967153
2021-03-02,0.983883346,1.005965745
2021-03-03,1.035452418,1.011892616
2021-03-04,0.972899168,0.978069761
2021-03-05,0.984881628,0.985792983
2021-03-08,0.986772279,0.993137255
2021-03-09,1.026710487,1.028298782
2021-03-10,1.008730066,0.99568
2021-03-12,0.98776829,0.997557448
2021-03-15,0.987344237,0.98498663
2021-03-16,0.990100572,0.989206162
2021-03-17,1.002051466,0.988889991
2021-03-18,0.999622349,0.997090982
2021-03-19,1.006780402,1.00435949
2021-03-22,1.000079,0.981068447
2021-03-23,0.99133045,1.021100636
2021-03-24,0.982409658,0.98576809
2021-03-25,1.002027781,0.98955234
2021-03-26,1.025093595,1.01910001
2021-03-30,1.028782943,1.041842688
2021-03-31,0.958724311,0.961350325
2021-04-01,1.013350146,0.995380444
2021-04-05,0.966185388,0.975012611
2021-04-06,1.010814236,0.993549945
2021-04-07,1.004206609,1.004825551
2021-04-08,1.007995328,0.990049751
2021-04-09,1.004535374,0.992287828
2021-04-12,0.962588011,0.961526288
2021-04-13,1.038473459,1.024359021
2021-04-15,1.013609503,1.021244689
2021-04-16,1.010560823,0.998986085
2021-04-19,0.968260135,0.988625626
2021-04-20,0.969326138,0.985131691
2021-04-22,1.026408378,1.022351588
2021-04-23,1.007117797,0.994130053
2021-04-26,1.004985284,0.993388254
2021-04-27,1.003426568,1.024131549
2021-04-28,1.023268742,1.026482241
2021-04-29,0.985195964,0.997088299
2021-04-30,0.953226855,0.959117148
2021-05-03,0.99933887,1.001522339
2021-05-04,0.9829233,0.981547598
2021-05-05,1.000168265,1.010263982
2021-05-06,1.02208109,0.998787965
2021-05-07,1.027426855,1.009886502
2021-05-10,1.013858015,1.003604877
2021-05-11,0.973472653,0.988519914
2021-05-12,0.989651814,0.99711446
2021-05-14,0.993152089,0.990961058
2021-05-17,1.026610239,1.038504525
2021-05-18,1.006595749,1.025308106
2021-05-19,0.982819586,0.987472066
2021-05-20,0.993963047,0.982581265
2021-05-21,1.029877301,1.04501675
2021-05-24,1.009074482,1.008448541
2021-05-25,0.995906962,0.979469519
2021-05-26,1.014641375,0.998715305
2021-05-27,0.977137738,1.003791341
2021-05-28,1.012954142,1.014028935
2021-05-31,1.004525154,1.008247697
2021-06-01,1.010928962,0.997262262
2021-06-02,0.992792793,0.994906397
2021-06-03,1.008527994,1.011003989
2021-06-04,1.013564241,0.987109927
2021-06-07,0.987285466,0.999267131
2021-06-08,0.987914532,0.98879888
2021-06-09,0.996183206,0.998145713
2021-06-10,1.006739365,1.000506654
2021-06-11,0.999180296,1.003578542
2021-06-14,0.991952496,0.995357756
2021-06-15,1.002323566,1.00730001
2021-06-16,0.990707634,0.99620869
2021-06-17,0.986456206,0.987538731
2021-06-18,1.000321634,1.009344519
2021-06-21,1.011374141,1.006014326
2021-06-22,1.002583055,0.996708538
2021-06-23,0.98981331,1.001145707
2021-06-24,0.996075605,1.013968361
2021-06-25,1.008764171,1.005875519
2021-06-28,0.994320899,0.995544849
2021-06-29,1.00250506,0.995823251
2021-06-30,0.98962498,0.997237109
2021-07-01,0.993596606,0.992556245
2021-07-02,1.006627633,0.995728939
2021-07-05,1.007755382,1.010166171
2021-07-06,1.000601227,1.02624628
2021-07-07,1.01313892,1.003127647
2021-07-08,0.9932192,0.987625853
2021-07-09,0.993789933,0.987865435
2021-07-12,0.992188908,0.990013316
2021-07-13,1.027432932,1.00998655
2021-07-14,0.99457739,0.998202217
2021-07-15,1.003555766,1.014374812
2021-07-16,0.998740207,1.001085027
2021-07-19,0.978221451,0.966269255
2021-07-20,0.990772268,0.981067301
2021-07-22,1.012831723,1.003845754
2021-07-23,0.996867847,0.995892869
2021-07-26,0.992668681,0.99431641
2021-07-27,0.987684129,1.00362483
2021-07-28,0.996651534,0.984407015
2021-07-29,0.995465413,1.000670289
2021-07-30,1.010911877,1.005781773
2021-08-02,1.008561539,0.997336044
2021-08-03,1.037610934,1.008470109
2021-08-04,1.047521187,1.021328501
2021-08-05,0.994637619,1.013341978
2021-08-06,0.987376489,1.005253056
2021-08-09,0.998401887,1.007536931
2021-08-10,1.018198102,1.002493517
2021-08-11,0.995077948,0.991576294
2021-08-12,1.003855558,1.004314526
2021-08-13,1.013264637,1.016517917
2021-08-16,1.009984653,1.002882977
2021-08-17,1.002654559,0.98957925
2021-08-18,0.989902863,0.998910639
2021-08-20,1.004168588,1.001156642
2021-08-23,0.999963263,1.006502723
2021-08-24,0.988721321,1.022464909
2021-08-25,1.002972596,0.999069827
2021-08-26,1.000407521,0.998330551
2021-08-27,1.006610254,0.995915873
2021-08-30,1.013795894,1.012786981
2021-08-31,1.015531444,1.008385143
2021-09-01,0.981865285,0.998545593
2021-09-02,1.010899827,1.006269394
2021-09-03,0.993123807,0.99185022
2021-09-06,1.002428768,0.993432949
2021-09-07,1.025928471,1.002267356
2021-09-08,0.997285865,1.004556317
2021-09-09,1.000282755,0.995052017
2021-09-13,1.006960885,0.991680479
2021-09-14,0.988858867,0.995499984
2021-09-15,0.999077376,0.998869911
2021-09-16,0.998898933,1.008501422
2021-09-17,1.004729141,1.014231225
2021-09-20,0.970573142,0.985905256
2021-09-21,1.011613491,0.99493541
2021-09-22,0.985708364,0.988240601
2021-09-23,1.030240977,1.023668253
2021-09-24,1.007666643,1.020095541
2021-09-27,1.000281789,1.014704505
2021-09-28,0.987728009,0.993815765
2021-09-29,0.979144013,0.986873471
2021-09-30,1.002858235,1.000690153
2021-10-01,0.984515122,0.992319508
2021-10-04,1.004996958,1.001927087
2021-10-05,1.005962865,1.006116979
2021-10-06,1.003465319,1.012190918
2021-10-07,0.991293917,0.997275373
2021-10-08,0.997671434,0.995125737
2021-10-11,1.010512194,1.019436558
2021-10-12,1.002127853,0.997429306
2021-10-13,1.003811114,1.006013746
2021-10-14,1.015602401,1.029279005
2021-10-18,1.000979083,0.989866066
2021-10-19,1.004054775,1.011015985
2021-10-20,0.990151971,0.991206253
2021-10-21,1.017530679,1.001463691
2021-10-22,1.021043564,1.002654656
2021-10-25,0.997314003,0.985869404
2021-10-26,1.005351933,0.997435124
2021-10-27,1.00115055,0.993979731
2021-10-28,0.995128645,0.970051132
2021-10-29,0.980660507,0.993254267
2021-11-01,1.015203712,1.014183277
2021-11-02,1.004189823,1.000903258
2021-11-03,0.99856899,0.984253929
2021-11-04,1.0013122,1.007904139
2021-11-08,1.027537331,1.003952445
2021-11-09,0.987263177,0.982502734
2021-11-10,1.001359804,0.98918747
2021-11-11,0.987523764,0.995531265
2021-11-12,1.028808636,1.003035587
2021-11-15,1.002740046,1.002736639
2021-11-16,0.991535732,0.994060042
2021-11-17,0.990908938,0.988888889
2021-11-18,0.992199159,1.005617978
2021-11-22,0.989556984,0.98437703
2021-11-23,1.004024388,1.000131983
2021-11-24,0.992103905,1.001649566
2021-11-25,0.994520643,1.005204045
2021-11-26,0.95604568,0.976375373
2021-11-29,0.989823832,1.007617961
2021-11-30,0.985002579,0.994870941
2021-12-01,1.011428678,1.007431957
2021-12-02,1.038521998,1.014023195
2021-12-03,0.987125151,0.992003932
2021-12-06,0.998971732,0.993558191
2021-12-07,1.017588847,1.014563107
2021-12-08,1.012599823,1.018417775
2021-12-09,0.996161935,0.982655425
2021-12-10,0.988283106,0.997183744
2021-12-13,0.986862483,0.992512561
2021-12-14,0.992820679,0.994242795
2021-12-15,0.989044132,0.99836933
2021-12-16,0.991843633,1.000066667
2021-12-17,0.969532523,0.981967869
2021-12-20,0.974382486,0.967821866
2021-12-21,0.996294554,1.011328166
2021-12-22,0.999271897,1.002358163
2021-12-23,1.012662466,0.99923886
2021-12-24,0.985765125,0.996399141
2021-12-27,1.009587501,1.008270206
2021-12-28,1.002540204,1.006892749
2021-12-29,0.999298341,0.995242333
2021-12-30,1.000058513,1.005261891
2021-12-31,1.008873893,1.012247691
2022-01-03,1.019312185,1.027206976
2022-01-04,1.014754969,1.005856612
2022-01-05,0.999383247,1.023747996
2022-01-06,0.980083407,0.983960124
2022-01-07,0.990955579,1.007014126
2022-01-10,1.024242308,1.005546419
2022-01-11,1.019288252,1.004329282
2022-01-12,1.009793615,0.994092854
2022-01-13,1.006757991,0.981595092
2022-01-14,0.984198113,1.011223822
2022-01-17,0.996405464,0.984694043
2022-01-18,0.985125985,1.005093658
2022-01-19,0.984131455,0.992937715
2022-01-20,0.980555291,0.993776548
2022-01-21,1.009204842,1.008349901
2022-01-24,0.979502111,0.977030757
2022-01-25,0.996377668,1.000941715
2022-01-27,0.989231803,0.991196532
2022-01-28,1.005252961,0.992067528
2022-01-31,1.001788198,1.015342559
2022-02-01,1.017592225,1.007605842
2022-02-02,1.018554973,1.022845691
2022-02-03,0.967412312,0.989648642
2022-02-04,0.990287997,1.005708252
2022-02-07,0.969999001,0.963353018
2022-02-08,0.99441962,0.995708885
2022-02-09,1.008593556,1.024455313
2022-02-10,1.016917486,1.018362714
2022-02-11,0.979729866,0.995901908
2022-02-14,0.946607044,0.970273562
2022-02-15,1.018917625,1.029924679
2022-02-16,1.010084393,0.998649361
2022-02-17,1.020284705,0.993897411
2022-02-18,1.012169334,1.003883173
2022-02-21,0.998218053,1.00644692
2022-02-22,1.007037919,0.992510348
2022-02-23,0.993113144,0.993512941
2022-02-24,0.961428777,0.945699247
2022-02-25,1.024882098,1.025855995
2022-02-28,0.984654465,0.979500034
2022-03-02,0.963459505,0.963540754
2022-03-03,0.997761292,0.997635074
2022-03-04,0.97558293,0.996717724
2022-03-07,0.956910936,0.969484083
2022-03-08,1.014020123,1.002264493
2022-03-09,1.019844774,1.032647989
2022-03-10,1.019845972,1.015716734
2022-03-11,0.996447642,1.002943922
2022-03-14,1.020493274,1.032753436
2022-03-15,0.984686031,0.987140827
2022-03-16,1.022870786,1.01695927
2022-03-17,1.053728022,1.022028105
2022-03-21,0.990332264,1.004357961
2022-03-22,1.004536143,1.005146317
2022-03-23,0.976506087,0.990027775
2022-03-24,0.984741934,0.975257732
2022-03-25,0.996753949,0.991855266
2022-03-28,0.984910986,1.001327836
2022-03-29,1.030464014,1.013260748
2022-03-30,1.020578861,1.017323323
2022-03-31,1.00207508,0.995531331
2022-04-01,1.025895248,1.024245928
2022-04-04,1.092871998,1.100132802
